[{"location":"California Institute of Abnormal Arts (C.I.A.)","address":"11334 Burbank Blvd. North Hollywood, "},{"location":"T. Boyle's Tavern","address":"37 N. Catalina Ave. Pasadena, "},{"location":"The Monty","address":"1222 W. Seventh St. Los Angeles, "},{"location":"UCLA Center For Intercultural Performance","address":"120 Westwood Plaza Los Angeles, "},{"location":"The UCLA Faculty Center","address":"480 Charles E. Young Dr. Los Angeles, "},{"location":"Acerogami","address":"228 W. Second St. Pomona, "},{"location":"Let Live Theatre","address":"916 N. Formosa Ave. Los Angeles, "},{"location":"Downtown Independent Theater","address":"251 S. Main St. Los Angeles, "},{"location":"Antaeus Theatre Company","address":"110 E. Broadway Glendale, "},{"location":"Pasadena Museum of History","address":"470 W. Walnut St. Pasadena, "},{"location":"Broke L.A.","address":"4560 Worth St. Los Angeles, "},{"location":"John Wooden Center","address":"221 Westwood Plaza Los Angeles, "},{"location":"Libbey Bowl","address":"210 S. Signal St. Ojai, "},{"location":"California Institute of Abnormal Arts (C.I.A.)","address":"11334 Burbank Blvd. North Hollywood, "},{"location":"UCLA Center For Intercultural Performance","address":"120 Westwood Plaza Los Angeles, "},{"location":"Golden Eagle Ballroom, Cal State L.A.","address":"5151 State University Dr. Los Angeles, "},{"location":"Let Live Theatre","address":"916 N. Formosa Ave. Los Angeles, "},{"location":"That ’80s Bar","address":"10555 Mills Ave. Montclair, "},{"location":"The Gem Theatre","address":"12852 Main St. Garden Grove, California 92840 714-741-9550"},{"location":"Exchange L.A.","address":"618 S. Spring St. Los Angeles, "},{"location":"Create Nightclub","address":"6021 Hollywood Blvd. Los Angeles, "},{"location":"Antaeus Theatre Company","address":"110 E. Broadway Glendale, "},{"location":"Pasadena Museum of History","address":"470 W. Walnut St. Pasadena, "},{"location":"Campbell Hall, UC Santa Barbara","address":"Building 538, Mesa Rd. Santa Barbara, "},{"location":"Let Live Theatre","address":"916 N. Formosa Ave. Los Angeles, "},{"location":"The Escondite","address":"410 Boyd St. Los Angeles, "},{"location":"Hyperslow","address":"487 S Fairfax Ave Los Angeles, "},{"location":"Escape Room L.A.","address":"120 E. 8th St Los Angeles, "},{"location":"The Copper Still","address":"4493 Beverly Blvd. Los Angeles, "},{"location":"Los Angeles Convention Center","address":"1201 S. Figueroa St. Los Angeles, "},{"location":"FM Fine Art Gallery","address":"834 N. La Brea Ave. Los Angeles, "},{"location":"Colombo's Italian Steakhouse & Jazz Club","address":"1833 Colorado Blvd. Eagle Rock, "},{"location":"The Automobile Driving Museum","address":"610 Lairport St. El Segundo, "},{"location":"Escape Room L.A.","address":"120 E. 8th St Los Angeles, "},{"location":"Colombo's Italian Steakhouse & Jazz Club","address":"1833 Colorado Blvd. Eagle Rock, "},{"location":"The Kibitz Room","address":"419 N. Fairfax Ave. Los Angeles, "},{"location":"Trip","address":"2101 Lincoln Blvd. Santa Monica, "},{"location":"Westfield Valencia Town Center","address":"24201 Valencia Blvd. Valencia, "},{"location":"Zan Beer","address":"3377 Wilshire Blvd., #200 Los Angeles, "},{"location":"Palm Tree L.A.","address":"3240 Wilshire Blvd. Los Angeles, "},{"location":"Good Shepherd School","address":"6338 N Figueroa St. Los Angeles, "},{"location":"La Brea Bakery Cafe","address":"468 S. La Brea Ave. Los Angeles, "},{"location":"Colombo's Italian Steakhouse & Jazz Club","address":"1833 Colorado Blvd. Eagle Rock, "},{"location":"Hollywood Forever Cemetery","address":"6000 Santa Monica Blvd. Los Angeles, "},{"location":"The Automobile Driving Museum","address":"610 Lairport St. El Segundo, "},{"location":"Escape Room L.A.","address":"120 E. 8th St Los Angeles, "},{"location":"The Townhouse","address":"52 Windward Ave. Venice, "},{"location":"Hyperion Tavern","address":"1941 Hyperion Ave. Los Angeles, "},{"location":"The Attic","address":"14633 Ventura Blvd. Sherman Oaks, California 91403 818-485-2200"},{"location":"Vintage Grocers","address":"140 Promenade Way Westlake Village, California 91362 805-230-0010"},{"location":"MODA Hollywood, Museum of Digital Art","address":"7190 Sunset Blvd. Los Angeles, "},{"location":"Cinespace","address":"6356 Hollywood Blvd. Los Angeles, "},{"location":"Don Chente Bar, Grill & Lounge","address":"248 S. Figueroa St. Los Angeles, "},{"location":"Au Fudge","address":"9010 Melrose Ave West Hollywood, California 90069 424-288-4268"},{"location":"Antaeus Theatre Company","address":"110 E. Broadway Glendale, "},{"location":"Loews Hollywood Hotel","address":"1755 N. Highland Ave. Hollywood, "},{"location":"Colombo's Italian Steakhouse & Jazz Club","address":"1833 Colorado Blvd. Eagle Rock, "},{"location":"Angel City Brewing Co.","address":"216 S. Alameda St. Los Angeles, "},{"location":"Escape Room L.A.","address":"120 E. 8th St Los Angeles, "},{"location":"Antaeus Theatre Company","address":"110 E. Broadway Glendale, "},{"location":"USC, Bovard Auditorium","address":"3551 Trousdale Parkway Los Angeles, "},{"location":"The Greek Theatre","address":"2700 N. Vermont Ave. Los Angeles, "},{"location":"Empire Polo Club","address":"81-800 Avenue 51 Indio, "},{"location":"Loews Hollywood Hotel","address":"1755 N. Highland Ave. Hollywood, "},{"location":"Comedy Union","address":"5040 W. Pico Blvd. Los Angeles, "},{"location":"The Conga Room","address":"800 W. Olympic Blvd. Los Angeles, "},{"location":"Create Nightclub","address":"6021 Hollywood Blvd. Los Angeles, "},{"location":"The Automobile Driving Museum","address":"610 Lairport St. El Segundo, "},{"location":"Tia Chucha's Centro Cultural & Bookstore","address":"13197-A Gladstone Ave. Sylmar, "},{"location":"Riviera 31","address":"Hotel Sofitel, 8555 Beverly Blvd. Los Angeles, California 90048 310-278-5444"},{"location":"Exchange L.A.","address":"618 S. Spring St. Los Angeles, "},{"location":"Westwood Village","address":"1031 Broxton Ave Los Angeles, CA California 90024 310-470-1812"},{"location":"Antaeus Theatre Company","address":"110 E. Broadway Glendale, "},{"location":"South Park Center","address":"1139 S. Hill St. Los Angeles, "},{"location":"The Prospector","address":"2400 E. Seventh St. Long Beach, "},{"location":"Empire Polo Club","address":"81-800 Avenue 51 Indio, "},{"location":"Loews Hollywood Hotel","address":"1755 N. Highland Ave. Hollywood, "},{"location":"The Village at Ed Gould Plaza.","address":"1125 N McCadden Pl Los Angeles, Ca 90038 323-860-7302"},{"location":"Cheviot Hills Recreation Center","address":"2551 Motor Ave. Los Angeles, "},{"location":"Sagebrush Cantina","address":"23527 Calabasas Rd. Calabasas, "},{"location":"Oyster House Saloon","address":"12446 Moorpark St. Studio City, "},{"location":"Desert Rose","address":"1700 Hillhurst Ave. Los Angeles, "},{"location":"Edgemar center","address":"2437 main st Santa Monica, CALIFORNIA 90405 310-399-3666"},{"location":"Antaeus Theatre Company","address":"110 E. Broadway Glendale, "},{"location":"UCLA Store","address":"308 Westwood Plaza Los Angeles, "},{"location":"Empire Polo Club","address":"81-800 Avenue 51 Indio, "},{"location":"The Escondite","address":"410 Boyd St. Los Angeles, "},{"location":"Cheviot Hills Recreation Center","address":"2551 Motor Ave. Los Angeles, "},{"location":"Lewis Family Playhouse","address":"12505 Cultural Center Dr. Rancho Cucamonga, "},{"location":"Westwood Village","address":"1031 Broxton Ave Los Angeles, CA California 90024 310-470-1812"},{"location":"Luxe Sunset Boulevard Hotel","address":"11461 Sunset Blvd. Brentwood, "},{"location":"The Gem Theatre","address":"12852 Main St. Garden Grove, California 92840 714-741-9550"},{"location":"The Village at Westfield Topanga","address":"6250 Topanga Canyon Blvd. Woodland Hills, "},{"location":"The Hideaway Bar & Grill","address":"12122 Kagel Canyon Rd. Sylmar, "},{"location":"Celebration Theatre","address":"6760 Lexington Ave. Los Angeles, "},{"location":"Fundamental los angeles","address":"1303 Westwood Blvd. Los Angeles, Ca Westwood, "},{"location":"The Automobile Driving Museum","address":"610 Lairport St. El Segundo, "},{"location":"Melrose Trading Post","address":"7850 Melrose Ave. Los Angeles, "},{"location":"Junior High","address":"5656 Hollywood Blvd. Hollywood, "},{"location":"Colombo's Italian Steakhouse & Jazz Club","address":"1833 Colorado Blvd. Eagle Rock, "},{"location":"Westfield Valencia Town Center","address":"24201 Valencia Blvd. Valencia, "},{"location":"Colombo's Italian Steakhouse & Jazz Club","address":"1833 Colorado Blvd. Eagle Rock, "},{"location":"Downtown Independent Theater","address":"251 S. Main St. Los Angeles, "},{"location":"Palm Tree L.A.","address":"3240 Wilshire Blvd. Los Angeles, "},{"location":"The Kibitz Room","address":"419 N. Fairfax Ave. Los Angeles, "},{"location":"Good Shepherd School","address":"6338 N Figueroa St. Los Angeles, "},{"location":"Gardenia Restaurant & Lounge","address":"7066 Santa Monica Blvd. Los Angeles, "},{"location":"The Automobile Driving Museum","address":"610 Lairport St. El Segundo, "},{"location":"Trip","address":"2101 Lincoln Blvd. Santa Monica, "},{"location":"Rafa's Lounge","address":"1836 W. Sunset Blvd. Los Angeles, "},{"location":"Colombo's Italian Steakhouse & Jazz Club","address":"1833 Colorado Blvd. Eagle Rock, "},{"location":"The Beverly O'Neill Theater","address":"300 E. Ocean Blvd., Long Beach Convention & Entertainment Center Long Beach, "},{"location":"Hollywood Forever Cemetery","address":"6000 Santa Monica Blvd. Los Angeles, "},{"location":"Shrine Auditorium & Expo Hall","address":"665 W. Jefferson Blvd. Los Angeles, "},{"location":"Honeycut","address":"819 S. Flower St. Los Angeles, "},{"location":"The Automobile Driving Museum","address":"610 Lairport St. El Segundo, "},{"location":"Westwood Village","address":"1031 Broxton Ave Los Angeles, CA California 90024 310-470-1812"},{"location":"Au Fudge","address":"9010 Melrose Ave West Hollywood, California 90069 424-288-4268"},{"location":"Westfield Valencia Town Center","address":"24201 Valencia Blvd. Valencia, "},{"location":"Hyperion Tavern","address":"1941 Hyperion Ave. Los Angeles, "},{"location":"Vintage Grocers","address":"140 Promenade Way Westlake Village, California 91362 805-230-0010"},{"location":"Culver Hotel","address":"9400 Culver Blvd. Culver City, "},{"location":"The Townhouse","address":"52 Windward Ave. Venice, "},{"location":"Hollywood Playhouse at the Zephyr Theatre","address":"7456 Melrose Ave Los Angeles, "},{"location":"Don Chente Bar, Grill & Lounge","address":"248 S. Figueroa St. Los Angeles, "},{"location":"Antaeus Theatre Company","address":"110 E. Broadway Glendale, "},{"location":"The Greek Theatre","address":"2700 N. Vermont Ave. Los Angeles, "},{"location":"The Beverly O'Neill Theater","address":"300 E. Ocean Blvd., Long Beach Convention & Entertainment Center Long Beach, "},{"location":"Santa Barbara Vintners","address":"597 Avenue of Flags Buellton, "},{"location":"Colombo's Italian Steakhouse & Jazz Club","address":"1833 Colorado Blvd. Eagle Rock, "},{"location":"OPICA Adult Day Care Center","address":"11759 Missouri Ave. West Los Angeles, "},{"location":"Griffins of Kinsale","address":"1007 Mission St. South Pasadena, CA 626-799-0926"},{"location":"Westwood Village","address":"1031 Broxton Ave Los Angeles, CA California 90024 310-470-1812"},{"location":"The Gem Theatre","address":"12852 Main St. Garden Grove, California 92840 714-741-9550"},{"location":"The Automobile Driving Museum","address":"610 Lairport St. El Segundo, "},{"location":"The SmokeHouse Restaurant","address":"4420 W. Lakeside Dr. Burbank, "},{"location":"Celebration Theatre","address":"6760 Lexington Ave. Los Angeles, "},{"location":"One Roof","address":"1333 6th Ave Venice Ave, "},{"location":"The Three Clubs","address":"1123 Vine St Hollywood, "},{"location":"Antaeus Theatre Company","address":"110 E. Broadway Glendale, "},{"location":"The Beverly O'Neill Theater","address":"300 E. Ocean Blvd., Long Beach Convention & Entertainment Center Long Beach, "},{"location":"UCLA Center For Intercultural Performance","address":"120 Westwood Plaza Los Angeles, "},{"location":"Richard & Karen Carpenter Performing Arts Center","address":"6200 Atherton St. Long Beach, "},{"location":"The Greek Theatre","address":"2700 N. Vermont Ave. Los Angeles, "},{"location":"Pasadena Civic Auditorium","address":"300 E. Green St. Pasadena, "},{"location":"Empire Polo Club","address":"81-800 Avenue 51 Indio, "},{"location":"National Orange Show Events Center","address":"689 S. \"E\" St. San Bernardino, "},{"location":"L.A. Workers Center","address":"1251 S. St. Andrews Place, Los Angeles, "},{"location":"Santa Barbara Vintners","address":"597 Avenue of Flags Buellton, "},{"location":"Write Your Life LA","address":"2629 Purdue Ave. Los Angeles, "},{"location":"Edgemar Center for the Arts","address":"2437 Main St. Santa Monica, "},{"location":"GTC Burbank","address":"1111-B W. Olive Ave. Burbank, "},{"location":"Miles Memorial Playhouse","address":"1130 Lincoln Blvd. Santa Monica, "},{"location":"That ’80s Bar","address":"10555 Mills Ave. Montclair, "},{"location":"Riviera 31","address":"Hotel Sofitel, 8555 Beverly Blvd. Los Angeles, California 90048 310-278-5444"},{"location":"Los Angeles Convention Center","address":"1201 S. Figueroa St. Los Angeles, "},{"location":"Create Nightclub","address":"6021 Hollywood Blvd. Los Angeles, "},{"location":"Tia Chucha's Centro Cultural & Bookstore","address":"13197-A Gladstone Ave. Sylmar, "},{"location":"Antaeus Theatre Company","address":"110 E. Broadway Glendale, "},{"location":"The Beverly O'Neill Theater","address":"300 E. Ocean Blvd., Long Beach Convention & Entertainment Center Long Beach, "},{"location":"William S Hart Park","address":"24151 Newhall Ave Santa Clarita, "},{"location":"First Lutheran Church & School","address":"2900 W. Carson St. Torrance, "},{"location":"Libbey Bowl","address":"210 S. Signal St. Ojai, "},{"location":"Richard & Karen Carpenter Performing Arts Center","address":"6200 Atherton St. Long Beach, "},{"location":"Carbon","address":"9300 Venice Blvd. Los Angeles, "},{"location":"Queen Mary Events Park","address":"next to the big boat, 1126 Queens Highway Long Beach, "},{"location":"Empire Polo Club","address":"81-800 Avenue 51 Indio, "},{"location":"National Orange Show Events Center","address":"689 S. \"E\" St. San Bernardino, "},{"location":"Santa Barbara Vintners","address":"597 Avenue of Flags Buellton, "},{"location":"R Bar","address":"3331 W. Eighth St. Los Angeles, "},{"location":"Cana Rum Bar","address":"714 W. Olympic Blvd. Los Angeles, "},{"location":"Antaeus Theatre Company","address":"110 E. Broadway Glendale, "},{"location":"The Beverly O'Neill Theater","address":"300 E. Ocean Blvd., Long Beach Convention & Entertainment Center Long Beach, "},{"location":"The Ralph Freud Playhouse","address":"Macgowan Hall, 245 Charles E. Young Drive East, UCLA Los Angeles, "},{"location":"William S Hart Park","address":"24151 Newhall Ave Santa Clarita, "},{"location":"Pasadena Civic Auditorium","address":"300 E. Green St. Pasadena, "},{"location":"Olive Dell Nudist Ranch","address":"26520 Keissel Rd. Colton, California 92324 909-825-6619"},{"location":"Empire Polo Club","address":"81-800 Avenue 51 Indio, "},{"location":"Santa Barbara Vintners","address":"597 Avenue of Flags Buellton, "},{"location":"National Orange Show Events Center","address":"689 S. \"E\" St. San Bernardino, "},{"location":"The Escondite","address":"410 Boyd St. Los Angeles, "},{"location":"American Legion Hollywood Post 43","address":"2035 N. Highland Ave. Los Angeles, "},{"location":"Westwood Village","address":"1031 Broxton Ave Los Angeles, CA California 90024 310-470-1812"},{"location":"The Gem Theatre","address":"12852 Main St. Garden Grove, California 92840 714-741-9550"},{"location":"Malibu Lagoon SMBAS","address":"PCH & Cross Creek Rd. Malibu, "},{"location":"Edgemar center","address":"2437 main st Santa Monica, CALIFORNIA 90405 310-399-3666"},{"location":"Colombo's Italian Steakhouse & Jazz Club","address":"1833 Colorado Blvd. Eagle Rock, "},{"location":"Colombo's Italian Steakhouse & Jazz Club","address":"1833 Colorado Blvd. Eagle Rock, "},{"location":"Zan Beer","address":"3377 Wilshire Blvd., #200 Los Angeles, "},{"location":"Westfield Valencia Town Center","address":"24201 Valencia Blvd. Valencia, "},{"location":"Palm Tree L.A.","address":"3240 Wilshire Blvd. Los Angeles, "},{"location":"Downtown Independent Theater","address":"251 S. Main St. Los Angeles, "},{"location":"The Kibitz Room","address":"419 N. Fairfax Ave. Los Angeles, "},{"location":"Gardenia Restaurant & Lounge","address":"7066 Santa Monica Blvd. Los Angeles, "},{"location":"Good Shepherd School","address":"6338 N Figueroa St. Los Angeles, "},{"location":"Colombo's Italian Steakhouse & Jazz Club","address":"1833 Colorado Blvd. Eagle Rock, "},{"location":"Richard & Karen Carpenter Performing Arts Center","address":"6200 Atherton St. Long Beach, "},{"location":"The Greek Theatre","address":"2700 N. Vermont Ave. Los Angeles, "},{"location":"Vintage Grocers","address":"140 Promenade Way Westlake Village, California 91362 805-230-0010"},{"location":"Hyperion Tavern","address":"1941 Hyperion Ave. Los Angeles, "},{"location":"Au Fudge","address":"9010 Melrose Ave West Hollywood, California 90069 424-288-4268"},{"location":"The Townhouse","address":"52 Windward Ave. Venice, "},{"location":"Trip","address":"2101 Lincoln Blvd. Santa Monica, "},{"location":"Precinct","address":"357 S. Broadway Los Angeles, "},{"location":"Tuning Fork","address":"12051 Ventura Place Studio City, "},{"location":"Cinespace","address":"6356 Hollywood Blvd. Los Angeles, "},{"location":"Culver Hotel","address":"9400 Culver Blvd. Culver City, "},{"location":"The Pink Elephant","address":"2810 Main St. Santa Monica, "},{"location":"MODA Hollywood, Museum of Digital Art","address":"7190 Sunset Blvd. Los Angeles, "},{"location":"Antaeus Theatre Company","address":"110 E. Broadway Glendale, "},{"location":"The Beverly O'Neill Theater","address":"300 E. Ocean Blvd., Long Beach Convention & Entertainment Center Long Beach, "},{"location":"Hollywood Forever Cemetery","address":"6000 Santa Monica Blvd. Los Angeles, "},{"location":"The Greek Theatre","address":"2700 N. Vermont Ave. Los Angeles, "},{"location":"Richard & Karen Carpenter Performing Arts Center","address":"6200 Atherton St. Long Beach, "},{"location":"Colombo's Italian Steakhouse & Jazz Club","address":"1833 Colorado Blvd. Eagle Rock, "},{"location":"Shrine Auditorium & Expo Hall","address":"665 W. Jefferson Blvd. Los Angeles, "},{"location":"Westfield Valencia Town Center","address":"24201 Valencia Blvd. Valencia, "},{"location":"Los Angeles Athletic Club","address":"431 W. Seventh St. Los Angeles, "},{"location":"Westwood Village","address":"1031 Broxton Ave Los Angeles, CA California 90024 310-470-1812"},{"location":"Antaeus Theatre Company","address":"110 E. Broadway Glendale, "},{"location":"Knights of Columbus Hall","address":"21433 Strathern St. Canoga Park, "},{"location":"The Beverly O'Neill Theater","address":"300 E. Ocean Blvd., Long Beach Convention & Entertainment Center Long Beach, "},{"location":"UCLA Center For Intercultural Performance","address":"120 Westwood Plaza Los Angeles, "},{"location":"Empire Polo Club","address":"81-800 Avenue 51 Indio, "},{"location":"Shrine Auditorium & Expo Hall","address":"665 W. Jefferson Blvd. Los Angeles, "},{"location":"American Legion Hollywood Post 43","address":"2035 N. Highland Ave. Los Angeles, "},{"location":"Exchange L.A.","address":"618 S. Spring St. Los Angeles, "},{"location":"The Conga Room","address":"800 W. Olympic Blvd. Los Angeles, "},{"location":"Spaghettini Seal Beach","address":"3005 Old Ranch Parkway Seal Beach, "},{"location":"Comedy Union","address":"5040 W. Pico Blvd. Los Angeles, "},{"location":"Stars on Brand","address":"417 N. Brand Blvd. Glendale, "},{"location":"Tia Chucha's Centro Cultural & Bookstore","address":"13197-A Gladstone Ave. Sylmar, "},{"location":"Antaeus Theatre Company","address":"110 E. Broadway Glendale, "},{"location":"Empire Polo Club","address":"81-800 Avenue 51 Indio, "},{"location":"Golden Eagle Ballroom, Cal State L.A.","address":"5151 State University Dr. Los Angeles, "},{"location":"Pantages Theatre","address":"6233 Hollywood Blvd. Los Angeles, "},{"location":"San Gabriel Mission Playhouse","address":"320 Mission Dr. San Gabriel, "},{"location":"Richard & Karen Carpenter Performing Arts Center","address":"6200 Atherton St. Long Beach, "},{"location":"Pantages Theatre","address":"6233 Hollywood Blvd. Los Angeles, "},{"location":"The Press","address":"129 Harvard Ave. Claremont, "},{"location":"The Beverly O'Neill Theater","address":"300 E. Ocean Blvd., Long Beach Convention & Entertainment Center Long Beach, "},{"location":"Shrine Auditorium & Expo Hall","address":"665 W. Jefferson Blvd. Los Angeles, "},{"location":"That ’80s Bar","address":"10555 Mills Ave. Montclair, "},{"location":"R Bar","address":"3331 W. Eighth St. Los Angeles, "},{"location":"Melrose Trading Post","address":"7850 Melrose Ave. Los Angeles, "},{"location":"American Legion Hollywood Post 43","address":"2035 N. Highland Ave. Los Angeles, "},{"location":"Exchange L.A.","address":"618 S. Spring St. Los Angeles, "},{"location":"Antaeus Theatre Company","address":"110 E. Broadway Glendale, "},{"location":"The Beverly O'Neill Theater","address":"300 E. Ocean Blvd., Long Beach Convention & Entertainment Center Long Beach, "},{"location":"Richard & Karen Carpenter Performing Arts Center","address":"6200 Atherton St. Long Beach, "},{"location":"The Hollywood Roosevelt Hotel","address":"7000 Hollywood Blvd. Los Angeles, "},{"location":"Woodley Park","address":"6350 Woodley Ave. Van Nuys, "},{"location":"Empire Polo Club","address":"81-800 Avenue 51 Indio, "},{"location":"Community of Brentwood","address":"11620 San Vicente Blvd. Los Angeles, "},{"location":"Fox Performing Arts Center","address":"3801 Mission Inn Ave. Riverside, "},{"location":"The Escondite","address":"410 Boyd St. Los Angeles, "},{"location":"Shrine Auditorium & Expo Hall","address":"665 W. Jefferson Blvd. Los Angeles, "},{"location":"The Hideaway Bar & Grill","address":"12122 Kagel Canyon Rd. Sylmar, "},{"location":"The Kibitz Room","address":"419 N. Fairfax Ave. Los Angeles, "},{"location":"Twelve Two One Lounge","address":"1221 N. San Fernando Rd. Burbank, "},{"location":"American Legion Hollywood Post 43","address":"2035 N. Highland Ave. Los Angeles, "},{"location":"Westwood Village","address":"1031 Broxton Ave Los Angeles, CA California 90024 310-470-1812"},{"location":"GTC Burbank","address":"1111-B W. Olive Ave. Burbank, "},{"location":"Annenberg Space for Photography","address":"2000 Avenue of the Stars Century City "},{"location":"Hudson Loft","address":"1200 S Hope Street Los Angeles "},{"location":"Santa Fe Dam Recreation Area","address":"15501 E. Arrow Highway. Irwindale CA"},{"location":"Grand Arts High School Concert Hall","address":"450 N. Grand Ave. Downtown "},{"location":"Downtown Long Beach","address":"Linden Ave. and E. Broadway Long Beach CA"},{"location":"Highland Park and surrounding areas","address":"York Blvd. and N. Ave. 50 Los Angeles CA"},{"location":"Downtown Pomona","address":"Downtown Pomona Pomona "},{"location":"Universal City Metro Parking Lot","address":"3953 Lankershim Blvd Universal City "},{"location":"Memorial Park Pasadena","address":"85 E. Holly Street Pasadena "},{"location":"Holmby Park Lawn Bowling","address":"646 Comstock Ave  "},{"location":"Highland Hall Waldorf School","address":"17100 Superior St., Northridge, CA Northridge "},{"location":"Platform LA","address":"8850 Washington Blvd., Culver City CA Culver City "},{"location":"Santa Monica Pier","address":"200 Santa Monica Pier Santa Monica "},{"location":"Magic Box at the Reef","address":"1933 South Broadway Los Angeles "},{"location":"Timbuk2 Venice","address":"1410 Abbot Kinney Blvd. Venice "},{"location":"Bloomingdale's Sherman Oaks","address":"14060 Riverside Drive Sherman Oaks "},{"location":"MuzeuMM","address":"4817 West Adams Boulevard, Los Angeles, "},{"location":"Downstairs Auditorium Church of Scientology","address":"4810 W Sunset Blvd, LA, CA Los Feliz "},{"location":"SugarMynt Gallery","address":"810 Meridian Ave. South Pasadena, CA South Pasadena "},{"location":"Bergamot Station","address":"2525 Michigan Avenue, Santa Monica, CA  "},{"location":"Plaza de la Raza’s Margo Albert Theatre in Lincoln Park","address":"3540 N. Mission Road  Lincoln Heights "},{"location":"Plaza de la Raza’s Margo Albert Theatre in Lincoln Park","address":"3540 N. Mission Road  Lincoln Heights "},{"location":"Aon Center","address":"707 Wilshire Blvd Los Angeles "},{"location":"Getty Center","address":"1200 Getty Center Drive Los Angeles "},{"location":"Hermosa Beach Community Theatre","address":"710 Pier Ave. Hermosa Beach Hermosa Beach "},{"location":"Santa Monica Playhouse - The Other Space","address":"1211 4th Street Santa Monica "},{"location":"Art Share LA","address":"801 East 4th Place Little Tokyo "},{"location":"Page 71 Lounge","address":"11916 Ventura Blvd, Studio City, California  Studio City "},{"location":"Downey Civic Theatre","address":"8435 Firestone Blvd Downey "},{"location":"Moonlight Rollerway","address":"5110 San Fernando Road Glendale "},{"location":"Luckman Fine Arts Complex","address":"5151 State University Drive Los Angeles CA"},{"location":"The Second Stage at Sacred Fools Theatre","address":"6320 Santa Monica Blvd., Hollywood, CA Hollywood "},{"location":"Promenade Playhouse","address":"1404 Third Street Promenade Santa Monica "},{"location":"Highways Performance Space","address":"1651 18th St. Santa Monica "},{"location":"SKYLIGHT THEATRE","address":"1816 1/2 N Vermont Ave. Los Angeles "},{"location":"Four Seasons, Westlake Village","address":"2 Dole Dr. Westlake Village "},{"location":"New Roads School","address":"3131 Olympic Blvd., Santa Monica  "},{"location":"Timbuk2 Venice","address":"1410 Abbot Kinney Blvd. Venice "},{"location":"SugarMynt Gallery","address":"810 Meridian Ave. South Pasadena, CA South Pasadena "},{"location":"The Second Stage at Sacred Fools Theatre","address":"6320 Santa Monica Blvd., Hollywood, CA Hollywood "},{"location":"SKYLIGHT THEATRE","address":"1816 1/2 N Vermont Ave. Los Angeles "},{"location":"Platform LA","address":"8850 Washington Blvd., Culver City CA Culver City "},{"location":"Montrose, Honolulu Ave","address":"2400 Honolulu Ave La Crescenta-Montrose "},{"location":"With Love Market and Cafe","address":"1969 S. Vermont Ave, Los Angeles, CA Historic West Adams "},{"location":"Occidental College, Patterson Field","address":"1600 Campus Rd, Los Angeles, CA Eagle Rock "},{"location":"we live in space","address":"2520 W Jefferson Blvd Jefferson "},{"location":"The Pasadena Civic","address":"300 E Green St. Pasadena CA"},{"location":"ArcLight Cinemas HOLLYWOOD","address":"6360 W. Sunset Blvd. Hollywood "},{"location":"Verdugo Bar","address":"3408 Verdugo Road Los Angeles "},{"location":"Acme Comedy Theatre","address":"135 N La Brea Avenue, Los Angeles, CA La Brea "},{"location":"The Escondite","address":"410 Boyd St Little Tokyo "},{"location":"GRAMMY Museum","address":"A245, 800 West Olympic Boulevard Los Angeles CA"},{"location":"MOCA","address":"250 South Grand Avenue Los Angeles "},{"location":"The Hungry Cat","address":"4067 W. Pico Blvd. Los Angeles "},{"location":"LARGO at the CORONET","address":"366 N. La Cienega Blvd Los Angeles "},{"location":"SugarMynt Gallery","address":"810 Meridian Ave. South Pasadena, CA South Pasadena "},{"location":"The Second Stage at Sacred Fools Theatre","address":"6320 Santa Monica Blvd., Hollywood, CA Hollywood "},{"location":"SKYLIGHT THEATRE","address":"1816 1/2 N Vermont Ave. Los Angeles "},{"location":"we live in space","address":"2520 W Jefferson Blvd Jefferson "},{"location":"ArcLight Cinemas HOLLYWOOD","address":"6360 W. Sunset Blvd. Hollywood "},{"location":"Heal the Bay's Santa Monica Pier Aquarium","address":"1600 Ocean Front Walk  "},{"location":"Altadena Stables","address":"3064 Ridgeview Dr, Altadena, CA Altadena "},{"location":"GRAMMY Museum","address":"A245, 800 West Olympic Boulevard Los Angeles CA"},{"location":"LARGO at the CORONET","address":"366 N. La Cienega Blvd Los Angeles "},{"location":"SugarMynt Gallery","address":"810 Meridian Ave. South Pasadena, CA South Pasadena "},{"location":"The Second Stage at Sacred Fools Theatre","address":"6320 Santa Monica Blvd., Hollywood, CA Hollywood "},{"location":"SKYLIGHT THEATRE","address":"1816 1/2 N Vermont Ave. Los Angeles "},{"location":"we live in space","address":"2520 W Jefferson Blvd Jefferson "},{"location":"Heal the Bay's Santa Monica Pier Aquarium","address":"1600 Ocean Front Walk  "},{"location":"MOCA","address":"250 South Grand Avenue Los Angeles "},{"location":"MOCA","address":"250 South Grand Avenue Los Angeles "},{"location":"LARGO at the CORONET","address":"366 N. La Cienega Blvd Los Angeles "},{"location":"SugarMynt Gallery","address":"810 Meridian Ave. South Pasadena, CA South Pasadena "},{"location":"The Second Stage at Sacred Fools Theatre","address":"6320 Santa Monica Blvd., Hollywood, CA Hollywood "},{"location":"SKYLIGHT THEATRE","address":"1816 1/2 N Vermont Ave. Los Angeles "},{"location":"we live in space","address":"2520 W Jefferson Blvd Jefferson "},{"location":"Heal the Bay's Santa Monica Pier Aquarium","address":"1600 Ocean Front Walk  "},{"location":"La Brea Bakery Café","address":"468 South La Brea Ave Los Angeles "},{"location":"Hi Hat LA","address":"5043 York Blvd Los Angeles "},{"location":"Downtown Los Angeles Historic Core","address":"Sixth St. and Spring St. Los Angeles CA"},{"location":"GRAMMY Museum","address":"A245, 800 West Olympic Boulevard Los Angeles CA"},{"location":"Annenberg Space for Photography","address":"2000 Avenue of the Stars Century City "},{"location":"SugarMynt Gallery","address":"810 Meridian Ave. South Pasadena, CA South Pasadena "},{"location":"The Second Stage at Sacred Fools Theatre","address":"6320 Santa Monica Blvd., Hollywood, CA Hollywood "},{"location":"SKYLIGHT THEATRE","address":"1816 1/2 N Vermont Ave. Los Angeles "},{"location":"we live in space","address":"2520 W Jefferson Blvd Jefferson "},{"location":"Heal the Bay's Santa Monica Pier Aquarium","address":"1600 Ocean Front Walk  "},{"location":"Millikan Middle School","address":"5041 Sunnyslope Ave (entrance to the field is on Magnolia by Buffalo) Sherman Oaks, "},{"location":"Rose Bowl , Pasadena CA","address":"1001 Rose Bowl Drive   "},{"location":"Carnival Cruise Lines","address":"231 Windsor Way Long Beach "},{"location":"Frederick R. Weisman Museum of Art at Pepperdine University","address":"24255 Pacific Coast Highway Malibu "},{"location":"The Pike Outlets","address":"95 South Pine Avenue Long Beach "},{"location":"Beverly Hills Plaza Hotel and Spa","address":"10300 Wilshire Blvd Los Angeles, CA  "},{"location":"NerdMelt Showroom","address":"7522 W. Sunset Blvd. Los Angeles, CA  "},{"location":"LACE","address":"6522 Hollywood Blvd. Los Angeles "},{"location":"The Pasadena Civic","address":"300 E Green St. Pasadena CA"},{"location":"Greek Theatre","address":"2700 N. Vermont Ave. Los Angeles "},{"location":"Colburn School’s Zipper Concert Hall","address":"200 South Grand Avenue Los Angeles "},{"location":"Battleship IOWA","address":"250 s harbor blvd san pedro "},{"location":"SugarMynt Gallery","address":"810 Meridian Ave. South Pasadena, CA South Pasadena "},{"location":"The Second Stage at Sacred Fools Theatre","address":"6320 Santa Monica Blvd., Hollywood, CA Hollywood "},{"location":"SKYLIGHT THEATRE","address":"1816 1/2 N Vermont Ave. Los Angeles "},{"location":"we live in space","address":"2520 W Jefferson Blvd Jefferson "},{"location":"Heal the Bay's Santa Monica Pier Aquarium","address":"1600 Ocean Front Walk  "},{"location":"Frederick R. Weisman Museum of Art at Pepperdine University","address":"24255 Pacific Coast Highway Malibu "},{"location":"Carnival Cruise Lines","address":"231 Windsor Way Long Beach "},{"location":"Citadel Outlets","address":"100 Citadel Drive, Suite 480 Los Angeles "},{"location":"Los Angeles Convention Center","address":"1201 S Figueroa St Los Angeles "},{"location":"Location TBD","address":"Location TBD Location TBD CA Los Angeles"},{"location":"Echo Park Garden Gallery","address":"1858 Echo Park Ave. Los Angeles, CA  Silver Lake "},{"location":"The Dolby Theatre  Hollywood & Highland","address":"6801 Hollywood Blvd Hollywood "},{"location":"Battleship IOWA","address":"250 s harbor blvd san pedro "},{"location":"Greek Theatre","address":"2700 N. Vermont Ave. Los Angeles "},{"location":"Highways Performance Space","address":"1651 18th St. Santa Monica "},{"location":"UCB SUNSET","address":"5419 Sunset Blvd, Los Angeles, "},{"location":"Heritage Square Museum","address":"3800 Homer Street Los Angeles, CA Lincoln Heights "},{"location":"Doheny Greystone Mansion","address":"905 Loma Vista Drive  "},{"location":"Million Dollar Theatre","address":"307 S Broadway, Los Angeles, CA  Little Tokyo "},{"location":"Aratani Theatre (JACCC)","address":"244 S San Pedro Street. Los Angeles "},{"location":"Terrace Theater","address":"300 E Ocean BL Long Beach CA"},{"location":"Caltech Beckman Auditorium","address":"332 S Michigan Ave  "},{"location":"Lineage Performing Arts Center","address":"89 S. Fair Oaks Avenue Pasadena "},{"location":"SugarMynt Gallery","address":"810 Meridian Ave. South Pasadena, CA South Pasadena "},{"location":"The Second Stage at Sacred Fools Theatre","address":"6320 Santa Monica Blvd., Hollywood, CA Hollywood "},{"location":"SKYLIGHT THEATRE","address":"1816 1/2 N Vermont Ave. Los Angeles "},{"location":"we live in space","address":"2520 W Jefferson Blvd Jefferson "},{"location":"Frederick R. Weisman Museum of Art at Pepperdine University","address":"24255 Pacific Coast Highway Malibu "},{"location":"Carnival Cruise Lines","address":"231 Windsor Way Long Beach "},{"location":"Los Angeles Convention Center","address":"1201 S Figueroa St Los Angeles "},{"location":"Echo Park Garden Gallery","address":"1858 Echo Park Ave. Los Angeles, CA  Silver Lake "},{"location":"The Dolby Theatre  Hollywood & Highland","address":"6801 Hollywood Blvd Hollywood "},{"location":"Heritage Square Museum","address":"3800 Homer Street Lincoln Heights "},{"location":"Lomita Library","address":"24200 Narbonne Ave.,Lomita, CA  Lomita "},{"location":"Manhatten Beach Library","address":"1320 Highland Ave. Manhattan Beach, CA Manhattan Beach "},{"location":"Pasadena Convention Center","address":"300 E. Green St. Pasadena CA"},{"location":"Citadel Outlets","address":"100 Citadel Drive, Suite 480 Los Angeles "},{"location":"Diamond Bar Library","address":"21800 Copley Dr. Diamond Bar, CA.  Diamond Bar "},{"location":"Fairfax Pop-Up","address":"485 S. Fairfax Ave Los Angeles, CA La Brea "},{"location":"Dabney Lounge, Caltech","address":"1200 E. California Blvd. Pasadena "},{"location":"Highways Performance Space","address":"1651 18th St. Santa Monica "},{"location":"Devoe House","address":"Hollywood Hills Hollywood "},{"location":"Battleship USS IOWA","address":"250 S Harbor Blvd Los Angeles "},{"location":"Annenberg Space for Photography","address":"2000 Avenue of the Stars Century City "},{"location":"MOCA","address":"250 South Grand Avenue Los Angeles "},{"location":"SugarMynt Gallery","address":"810 Meridian Ave. South Pasadena, CA South Pasadena "},{"location":"The Second Stage at Sacred Fools Theatre","address":"6320 Santa Monica Blvd., Hollywood, CA Hollywood "},{"location":"SKYLIGHT THEATRE","address":"1816 1/2 N Vermont Ave. Los Angeles "},{"location":"we live in space","address":"2520 W Jefferson Blvd Jefferson "},{"location":"Frederick R. Weisman Museum of Art at Pepperdine University","address":"24255 Pacific Coast Highway Malibu "},{"location":"Carnival Cruise Lines","address":"231 Windsor Way Long Beach "},{"location":"Echo Park Garden Gallery","address":"1858 Echo Park Ave. Los Angeles, CA  Silver Lake "},{"location":"The Dolby Theatre  Hollywood & Highland","address":"6801 Hollywood Blvd Hollywood "},{"location":"Devoe House","address":"Hollywood Hills Hollywood "},{"location":"Pasadena Convention Center","address":"300 E. Green St. Pasadena CA"},{"location":"Esterel at the Sofitel","address":"8555 Beverly Blvd Los Angeles "},{"location":"Citadel Outlets","address":"100 Citadel Drive, Suite 480 Los Angeles "},{"location":"Hornblower ticket booth at Fisherman’s Village Marina","address":"13755 Fiji Way Marina del Rey "},{"location":"Ackerman Grand Ballroom","address":"308 Westwood Plaza Los Angeles CA"},{"location":"The Escondite","address":"410 Boyd St Little Tokyo "},{"location":"The Regent","address":"448 South Main Street Los Angeles CA"},{"location":"Redbird","address":"4067 W. Pico Blvd. Los Angeles "},{"location":"ACME Comedy Theater","address":"135 N. La Brea Ave. Los Angeles "},{"location":"SugarMynt Gallery","address":"810 Meridian Ave. South Pasadena, CA South Pasadena "},{"location":"The Second Stage at Sacred Fools Theatre","address":"6320 Santa Monica Blvd., Hollywood, CA Hollywood "},{"location":"SKYLIGHT THEATRE","address":"1816 1/2 N Vermont Ave. Los Angeles "},{"location":"we live in space","address":"2520 W Jefferson Blvd Jefferson "},{"location":"Frederick R. Weisman Museum of Art at Pepperdine University","address":"24255 Pacific Coast Highway Malibu "},{"location":"Chester Washington Golf Course","address":"1818 Charlie Sifford Drive, Los Angeles, CA Westmont "},{"location":"Mountain Meadows Golf Course","address":"1875 Fairplex Drive, Pomona, CA Pomona "},{"location":"iO West","address":"6366 Hollywood Blvd Hollywood "},{"location":"MOCA","address":"250 South Grand Avenue Los Angeles "},{"location":"The Wallis Annenberg Center of Performing Arts","address":"9390 North Santa Monica Boulevard Beverly Hills "},{"location":"Cinefamily","address":"8818 Sunset Blvd 8818 Sunset Blvd CA 0"},{"location":"SugarMynt Gallery","address":"810 Meridian Ave. South Pasadena, CA South Pasadena "},{"location":"The Second Stage at Sacred Fools Theatre","address":"6320 Santa Monica Blvd., Hollywood, CA Hollywood "},{"location":"SKYLIGHT THEATRE","address":"1816 1/2 N Vermont Ave. Los Angeles "},{"location":"we live in space","address":"2520 W Jefferson Blvd Jefferson "},{"location":"Frederick R. Weisman Museum of Art at Pepperdine University","address":"24255 Pacific Coast Highway Malibu "},{"location":"Chester Washington Golf Course","address":"1818 Charlie Sifford Drive, Los Angeles, CA Westmont "},{"location":"Mountain Meadows Golf Course","address":"1875 Fairplex Drive, Pomona, CA Pomona "},{"location":"The Regent","address":"448 South Main Street Los Angeles CA"},{"location":"MOCA","address":"250 South Grand Avenue Los Angeles "},{"location":"SugarMynt Gallery","address":"810 Meridian Ave. South Pasadena, CA South Pasadena "},{"location":"The Second Stage at Sacred Fools Theatre","address":"6320 Santa Monica Blvd., Hollywood, CA Hollywood "},{"location":"SKYLIGHT THEATRE","address":"1816 1/2 N Vermont Ave. Los Angeles "},{"location":"we live in space","address":"2520 W Jefferson Blvd Jefferson "},{"location":"Frederick R. Weisman Museum of Art at Pepperdine University","address":"24255 Pacific Coast Highway Malibu "},{"location":"Chester Washington Golf Course","address":"1818 Charlie Sifford Drive, Los Angeles, CA Westmont "},{"location":"Mountain Meadows Golf Course","address":"1875 Fairplex Drive, Pomona, CA Pomona "},{"location":"William S. Hart Park","address":"24151 Newhall Avenue, Newhall, CA  Santa Clarita "},{"location":"Shrine Expo Hall","address":"665 W Jefferson Blvd. Los Angeles CA"},{"location":"Rubicon Theatre Company","address":"1006 E. Main Street Ventura "},{"location":"Beverly O'Neill Theater - Long Beach Conv and Entertainment Ctr","address":"300 E Ocean BL Long Beach CA"},{"location":"Caltech Beckman Auditorium","address":"332 S Michigan Ave  "},{"location":"MOCA","address":"250 South Grand Avenue Los Angeles "},{"location":"Greek Theatre","address":"2700 N. Vermont Ave Los Angeles CA"},{"location":"SugarMynt Gallery","address":"810 Meridian Ave. South Pasadena, CA South Pasadena "},{"location":"The Second Stage at Sacred Fools Theatre","address":"6320 Santa Monica Blvd., Hollywood, CA Hollywood "},{"location":"SKYLIGHT THEATRE","address":"1816 1/2 N Vermont Ave. Los Angeles "},{"location":"we live in space","address":"2520 W Jefferson Blvd Jefferson "},{"location":"Frederick R. Weisman Museum of Art at Pepperdine University","address":"24255 Pacific Coast Highway Malibu "},{"location":"Chester Washington Golf Course","address":"1818 Charlie Sifford Drive, Los Angeles, CA Westmont "},{"location":"Mountain Meadows Golf Course","address":"1875 Fairplex Drive, Pomona, CA Pomona "},{"location":"William S. Hart Park","address":"24151 Newhall Avenue, Newhall, CA  Santa Clarita "},{"location":"Rubicon Theatre Company","address":"1006 E. Main Street Ventura "},{"location":"Southern California Gas Company Energy Resource Center","address":"9240 Firestone Blvd CA "},{"location":"Los Angeles Mission College - Campus Center Building","address":"13356 Eldridge Ave. Sylmar "},{"location":"UCLA's Royce Hall","address":"340 Royce Drive  "},{"location":"Runway at Playa Vista","address":"12746 W. Jefferson Blvd, Playa Vista Mar Vista "},{"location":"Oak Park High School","address":"899 North Kanan Road Oak Park "},{"location":"McClintock Theatre, University of Southern California","address":"1010 W. Jefferson Blvd 1010 W. Jefferson Blvd "},{"location":"McClintock Theatre, University of Southern California","address":"1010 W. Jefferson Blvd 1010 W. Jefferson Blvd "},{"location":"Long Beach Arena- Long Beach Convention and Entertainment Center","address":"300 E. Ocean Blvd. Long Beach CA"},{"location":"Beverly O'Neill Theater - Long Beach Conv and Entertainment Ctr","address":"300 E Ocean BL Long Beach CA"},{"location":"UCLA Royce Hall","address":"340 Royce Drive  "},{"location":"MOCA","address":"250 South Grand Avenue Los Angeles "},{"location":"SugarMynt Gallery","address":"810 Meridian Ave. South Pasadena, CA South Pasadena "},{"location":"The Second Stage at Sacred Fools Theatre","address":"6320 Santa Monica Blvd., Hollywood, CA Hollywood "},{"location":"SKYLIGHT THEATRE","address":"1816 1/2 N Vermont Ave. Los Angeles "},{"location":"we live in space","address":"2520 W Jefferson Blvd Jefferson "},{"location":"Frederick R. Weisman Museum of Art at Pepperdine University","address":"24255 Pacific Coast Highway Malibu "},{"location":"Chester Washington Golf Course","address":"1818 Charlie Sifford Drive, Los Angeles, CA Westmont "},{"location":"Mountain Meadows Golf Course","address":"1875 Fairplex Drive, Pomona, CA Pomona "},{"location":"William S. Hart Park","address":"24151 Newhall Avenue, Newhall, CA  Santa Clarita "},{"location":"Rubicon Theatre Company","address":"1006 E. Main Street Ventura "},{"location":"UCLA's Royce Hall","address":"340 Royce Drive  "},{"location":"McClintock Theatre, University of Southern California","address":"1010 W. Jefferson Blvd 1010 W. Jefferson Blvd "},{"location":"McClintock Theatre, University of Southern California","address":"1010 W. Jefferson Blvd 1010 W. Jefferson Blvd "},{"location":"UCLA Royce Hall","address":"340 Royce Drive  "},{"location":"Record Surplus","address":"12436 Santa Monica Blvd. Los Angeles "},{"location":"Tommy’s Place (TCC)","address":"3607 Trousdale Parkway Los Angeles "},{"location":"The Brig","address":"1515 Abbot Kinney Blvd Venice "},{"location":"The Brig","address":"1515 Abbot Kinney Blvd Venice "},{"location":"Thayer Hall, Colburn School of Music & Beverly ONeill Theater","address":"300 E Ocean Blvd 300 E Ocean Blvd CA Long Beach"},{"location":"Greek Theatre","address":"2700 N. Vermont Ave Los Angeles CA"},{"location":"The Pasadena Civic","address":"300 E Green St. Pasadena CA"},{"location":"Long Beach Arena- Long Beach Convention and Entertainment Center","address":"300 E. Ocean Blvd. Long Beach CA"},{"location":"Terrace Theater","address":"300 E Ocean BL Long Beach CA"},{"location":"Santa Monica Playhouse Main Stage","address":"1211 4th Street Santa Monica "},{"location":"Macgowan Hall, Freud Playhouse","address":"240 Charles E. Young Dr N "},{"location":"Little Fish Theatre","address":"777 S. Centre St. San Pedro "},{"location":"Santa Monica Playhouse Main Stage","address":"1211 4th Street Santa Monica "},{"location":"Beverly O'Neill Theater - Long Beach Conv and Entertainment Ctr","address":"300 E Ocean BL Long Beach CA"},{"location":"Little Fish Theatre","address":"777 S. Centre St. San Pedro "},{"location":"Greek Theatre","address":"2700 N. Vermont Ave. Los Angeles "},{"location":"Kaufman Hall","address":"120 Westwood Plaza Los Angeles CA"},{"location":"Highways Performance Space","address":"1651 18th St. Santa Monica "},{"location":"USC","address":"3551 Trousdale Parkway Los Angeles "},{"location":"SugarMynt Gallery","address":"810 Meridian Ave. South Pasadena, CA South Pasadena "},{"location":"The Second Stage at Sacred Fools Theatre","address":"6320 Santa Monica Blvd., Hollywood, CA Hollywood "},{"location":"SKYLIGHT THEATRE","address":"1816 1/2 N Vermont Ave. Los Angeles "},{"location":"we live in space","address":"2520 W Jefferson Blvd Jefferson "},{"location":"Frederick R. Weisman Museum of Art at Pepperdine University","address":"24255 Pacific Coast Highway Malibu "},{"location":"William S. Hart Park","address":"24151 Newhall Avenue, Newhall, CA  Santa Clarita "},{"location":"Rubicon Theatre Company","address":"1006 E. Main Street Ventura "},{"location":"UCLA's Royce Hall","address":"340 Royce Drive  "},{"location":"McClintock Theatre, University of Southern California","address":"1010 W. Jefferson Blvd 1010 W. Jefferson Blvd "},{"location":"McClintock Theatre, University of Southern California","address":"1010 W. Jefferson Blvd 1010 W. Jefferson Blvd "},{"location":"UCLA Royce Hall","address":"340 Royce Drive  "},{"location":"Record Surplus","address":"12436 Santa Monica Blvd. Los Angeles "},{"location":"The Brig","address":"1515 Abbot Kinney Blvd Venice "},{"location":"The Brig","address":"1515 Abbot Kinney Blvd Venice "},{"location":"Little Fish Theatre","address":"777 S. Centre St. San Pedro "},{"location":"Little Fish Theatre","address":"777 S. Centre St. San Pedro "},{"location":"Macgowan Hall, Freud Playhouse","address":"240 Charles E. Young Dr N "},{"location":"Arcadia County Park","address":"405 S. Santa Anita Ave. 405 S. Santa Anita Ave. CA 0"},{"location":"Exposition Park","address":"Los Angeles "},{"location":"William S. Hart Park","address":"24151 Newhall Ave Santa Clarita "},{"location":"AMC Orange","address":"20 City Blvd. W. Orange "},{"location":"Pasadena Public Library","address":"285 E. Walnut Street, Pasadena  "},{"location":"Annenberg Space for Photography","address":"2000 Avenue of the Stars Century City "},{"location":"Long Beach Arena- Long Beach Convention and Entertainment Center","address":"300 E. Ocean Blvd. Long Beach CA"},{"location":"The Greek Theatre","address":"2700 N. Vermont Ave. Los Angeles "},{"location":"Marsee Auditorium, Center for the Arts at El Camino College","address":"16007 Crenshaw Boulevard Torrance "},{"location":"Record Surplus","address":"12436 Santa Monica Blvd. Los Angeles "},{"location":"Queen Mary Events Park","address":"1126 Queens Hwy Long Beach CA"},{"location":"Terrace Theater","address":"300 E Ocean BL Long Beach CA"},{"location":"Apogee Studio","address":"1715 Berkeley Street Santa Monica CA"},{"location":"Long Beach Arena- Long Beach Convention and Entertainment Center","address":"300 E. Ocean Blvd. Long Beach CA"},{"location":"Art + Practice","address":"3401 W. 43rd Place Leimert Park "},{"location":"Venice Beach Bar","address":"323 Ocean Front Walk, Venice CA Venice "},{"location":"Netflix Los Angeles","address":"1455 N. Van Ness Ave., Los Angeles, CA Hollywood "},{"location":"Greek Theatre","address":"2700 N. Vermont Ave. Los Angeles "},{"location":"Long Beach Arena- Long Beach Convention and Entertainment Center","address":"300 E. Ocean Blvd. Long Beach CA"},{"location":"Terrace Theater","address":"300 E Ocean BL Long Beach CA"},{"location":"Miles Memorial Playhouse","address":"1130 Lincoln Blvd. Santa Monica "},{"location":"Beverly O'Neill Theater - Long Beach Conv and Entertainment Ctr","address":"300 E Ocean BL Long Beach CA"},{"location":"Revive Theatre","address":"12420 santa monica blvd West Los Angeles "},{"location":"Santa Monica Playhouse, The Other Space","address":"1211 4th Street Santa Monica "},{"location":"Highways Performance Space","address":"1651 18th St. Santa Monica "},{"location":"SugarMynt Gallery","address":"810 Meridian Ave. South Pasadena, CA South Pasadena "},{"location":"The Second Stage at Sacred Fools Theatre","address":"6320 Santa Monica Blvd., Hollywood, CA Hollywood "},{"location":"SKYLIGHT THEATRE","address":"1816 1/2 N Vermont Ave. Los Angeles ","formattedAddress":"1816 1/2 N Vermont Ave, Los Angeles, CA 90027, USA","lat":34.1040603,"lng":-118.2915836,"zipcode":"90027","neighborhood":"Central LA"},{"location":"we live in space","address":"2520 W Jefferson Blvd Jefferson ","formattedAddress":"2520 W Jefferson Blvd, Los Angeles, CA 90018, USA","lat":34.0254836,"lng":-118.3232017,"zipcode":"90018","neighborhood":"South Los Angeles"},{"location":"Frederick R. Weisman Museum of Art at Pepperdine University","address":"24255 Pacific Coast Highway Malibu ","formattedAddress":"24255 Pacific Coast Hwy, Malibu, CA 90265, USA","lat":34.0347766,"lng":-118.7034357,"zipcode":"90265"},{"location":"William S. Hart Park","address":"24151 Newhall Avenue, Newhall, CA  Santa Clarita ","formattedAddress":"24151 Newhall Ave, Santa Clarita, CA 91321, USA","lat":34.3753971,"lng":-118.5257901,"zipcode":"91321","neighborhood":"Newhall"},{"location":"Rubicon Theatre Company","address":"1006 E. Main Street Ventura ","formattedAddress":"1006 E Main St, Ventura, CA 93001, USA","lat":34.2805973,"lng":-119.2852082,"zipcode":"93001"},{"location":"UCLA's Royce Hall","address":"340 Royce Drive  ","formattedAddress":"340 Royce Dr, Los Angeles, CA 90095, USA","lat":34.0728242,"lng":-118.4421682,"zipcode":"90095","neighborhood":"Westwood"},{"location":"McClintock Theatre, University of Southern California","address":"1010 W. Jefferson Blvd 1010 W. Jefferson Blvd ","formattedAddress":"1010 W. Jefferson Blvd., Los Angeles, California 90089, 1010 W Jefferson Blvd, Los Angeles, CA 90089, United States","lat":34.0249043,"lng":-118.2873568,"zipcode":"90089"},{"location":"McClintock Theatre, University of Southern California","address":"1010 W. Jefferson Blvd 1010 W. Jefferson Blvd ","formattedAddress":"1010 W. Jefferson Blvd., Los Angeles, California 90089, 1010 W Jefferson Blvd, Los Angeles, CA 90089, United States","lat":34.0249043,"lng":-118.2873568,"zipcode":"90089"},{"location":"UCLA Royce Hall","address":"340 Royce Drive  ","formattedAddress":"340 Royce Dr, Los Angeles, CA 90095, USA","lat":34.0728242,"lng":-118.4421682,"zipcode":"90095","neighborhood":"Westwood"},{"location":"Record Surplus","address":"12436 Santa Monica Blvd. Los Angeles ","formattedAddress":"12436 Santa Monica Blvd, Los Angeles, CA 90025, USA","lat":34.0389219,"lng":-118.4670907,"zipcode":"90025","neighborhood":"Sawtelle"},{"location":"The Brig","address":"1515 Abbot Kinney Blvd Venice ","formattedAddress":"1515 Abbot Kinney Blvd, Venice, CA 90291, USA","lat":33.9904014,"lng":-118.4641751,"zipcode":"90291","neighborhood":"Venice"},{"location":"The Brig","address":"1515 Abbot Kinney Blvd Venice ","formattedAddress":"1515 Abbot Kinney Blvd, Venice, CA 90291, USA","lat":33.9904014,"lng":-118.4641751,"zipcode":"90291","neighborhood":"Venice"},{"location":"Little Fish Theatre","address":"777 S. Centre St. San Pedro ","formattedAddress":"777 S Centre St, San Pedro, CA 90731, USA","lat":33.7372675,"lng":-118.2837083,"zipcode":"90731","neighborhood":"San Pedro"},{"location":"Little Fish Theatre","address":"777 S. Centre St. San Pedro ","formattedAddress":"777 S Centre St, San Pedro, CA 90731, USA","lat":33.7372675,"lng":-118.2837083,"zipcode":"90731","neighborhood":"San Pedro"},{"location":"Macgowan Hall, Freud Playhouse","address":"240 Charles E. Young Dr N ","formattedAddress":"240 Charles E Young Dr N, Los Angeles, CA 90095, USA","lat":34.075768,"lng":-118.4411064,"zipcode":"90095","neighborhood":"Westwood"},{"location":"AMC Orange","address":"20 City Blvd. W. Orange ","formattedAddress":"20 City Blvd W, Orange, CA 92868, USA","lat":33.7848294,"lng":-117.8935314,"zipcode":"92868","neighborhood":"Anaheim Resort"},{"location":"William S. Hart Park","address":"24151 Newhall Ave Santa Clarita ","formattedAddress":"24151 Newhall Ave, Santa Clarita, CA 91321, USA","lat":34.3753971,"lng":-118.5257901,"zipcode":"91321","neighborhood":"Newhall"},{"location":"Venice Beach Bar","address":"323 Ocean Front Walk, Venice CA Venice ","formattedAddress":"323 Ocean Front Walk, Venice, CA 90291, USA","lat":33.994197,"lng":-118.479933,"zipcode":"90291","neighborhood":"Venice"},{"location":"Miles Memorial Playhouse","address":"1130 Lincoln Blvd. Santa Monica ","formattedAddress":"1130 Lincoln Blvd, Santa Monica, CA 90403, USA","lat":34.0226618,"lng":-118.4956828,"zipcode":"90403","neighborhood":"Wilshire Montana"},{"location":"Long Beach Arena- Long Beach Convention and Entertainment Center","address":"300 E. Ocean Blvd. Long Beach CA","formattedAddress":"300 E Ocean Blvd, Long Beach, CA 90802, USA","lat":33.76520350000001,"lng":-118.1893341,"zipcode":"90802","neighborhood":"Waterfront"},{"location":"Esprit Theater","address":"13900 Marquesas Way Marina del Rey ","formattedAddress":"13900 Marquesas Way, Marina Del Rey, CA 90292, USA","lat":33.9764178,"lng":-118.4515565,"zipcode":"90292"},{"location":"AC Stelle Middle School","address":"22450 Mulholland Hwy., Calabasas, CA  Calabasas ","formattedAddress":"22450 Mulholland Hwy, Calabasas, CA 91302, USA","lat":34.1425025,"lng":-118.6129732,"zipcode":"91302"},{"location":"Terrace Theater","address":"300 E Ocean BL Long Beach CA","formattedAddress":"300 E Ocean Blvd, Long Beach, CA 90802, USA","lat":33.76520350000001,"lng":-118.1893341,"zipcode":"90802","neighborhood":"Waterfront"},{"location":"Beverly O'Neill Theater - Long Beach Conv and Entertainment Ctr","address":"300 E Ocean BL Long Beach CA","formattedAddress":"300 E Ocean Blvd, Long Beach, CA 90802, USA","lat":33.76520350000001,"lng":-118.1893341,"zipcode":"90802","neighborhood":"Waterfront"},{"location":"LAMAG at Barnsdall Park","address":"4800 Hollywood Blvd Los Angeles ","formattedAddress":"4800 Hollywood Blvd, Los Angeles, CA 90027, USA","lat":34.1015282,"lng":-118.2943343,"zipcode":"90027","neighborhood":"Hollywood"},{"location":"Long Beach Arena- Long Beach Convention and Entertainment Center","address":"300 E. Ocean Blvd. Long Beach CA","formattedAddress":"300 E Ocean Blvd, Long Beach, CA 90802, USA","lat":33.76520350000001,"lng":-118.1893341,"zipcode":"90802","neighborhood":"Waterfront"},{"location":"Ramo Auditorium, Caltech","address":"1200 E. California Blvd. Pasadena ","formattedAddress":"1200 E California Blvd, Pasadena, CA 91106, USA","lat":34.1342922,"lng":-118.1248773,"zipcode":"91106"},{"location":"Access Culver City","address":"8770 W. Washington Blvd, Culver City Culver City ","formattedAddress":"8770 Washington Blvd, Culver City, CA 90232, USA","lat":34.0286615,"lng":-118.3857652,"zipcode":"90232","neighborhood":"McManus"},{"location":"The Pasadena Civic","address":"300 E Green St. Pasadena CA","formattedAddress":"300 E Green St, Pasadena, CA 91101, USA","lat":34.143817,"lng":-118.144302,"zipcode":"91101"},{"location":"Santa Monica Playhouse - The Other Space","address":"1211 4th Street Santa Monica ","formattedAddress":"1211 4th St, Santa Monica, CA 90401, USA","lat":34.0189556,"lng":-118.4977074,"zipcode":"90401","neighborhood":"Downtown"},{"location":"Long Beach Arena- Long Beach Convention and Entertainment Center","address":"300 E. Ocean Blvd. Long Beach CA","formattedAddress":"300 E Ocean Blvd, Long Beach, CA 90802, USA","lat":33.76520350000001,"lng":-118.1893341,"zipcode":"90802","neighborhood":"Waterfront"},{"location":"Acme Comedy Theatre","address":"135 N La Brea Avenue, Los Angeles, CA La Brea ","formattedAddress":"135 N La Brea Ave, Los Angeles, CA 90036, USA","lat":34.0746854,"lng":-118.3443585,"zipcode":"90036","neighborhood":"Central LA"},{"location":"The Escondite","address":"410 Boyd St Little Tokyo ","formattedAddress":"410 Boyd St, Los Angeles, CA 90013, USA","lat":34.04609440000001,"lng":-118.2421687,"zipcode":"90013","neighborhood":"Central LA"},{"location":"SugarMynt Gallery","address":"810 Meridian Ave. South Pasadena, CA South Pasadena ","formattedAddress":"810 Meridian Ave, South Pasadena, CA 91030, USA","lat":34.1162721,"lng":-118.1571171,"zipcode":"91030"},{"location":"The Second Stage at Sacred Fools Theatre","address":"6320 Santa Monica Blvd., Hollywood, CA Hollywood ","formattedAddress":"6320 Santa Monica Blvd, Los Angeles, CA 90038, USA","lat":34.0905418,"lng":-118.3276065,"zipcode":"90038","neighborhood":"Hollywood"},{"location":"SKYLIGHT THEATRE","address":"1816 1/2 N Vermont Ave. Los Angeles ","formattedAddress":"1816 1/2 N Vermont Ave, Los Angeles, CA 90027, USA","lat":34.1040603,"lng":-118.2915836,"zipcode":"90027","neighborhood":"Central LA"},{"location":"we live in space","address":"2520 W Jefferson Blvd Jefferson ","formattedAddress":"2520 W Jefferson Blvd, Los Angeles, CA 90018, USA","lat":34.0254836,"lng":-118.3232017,"zipcode":"90018","neighborhood":"South Los Angeles"},{"location":"Frederick R. Weisman Museum of Art at Pepperdine University","address":"24255 Pacific Coast Highway Malibu ","formattedAddress":"24255 Pacific Coast Hwy, Malibu, CA 90265, USA","lat":34.0347766,"lng":-118.7034357,"zipcode":"90265"},{"location":"Rubicon Theatre Company","address":"1006 E. Main Street Ventura ","formattedAddress":"1006 E Main St, Ventura, CA 93001, USA","lat":34.2805973,"lng":-119.2852082,"zipcode":"93001"},{"location":"Little Fish Theatre","address":"777 S. Centre St. San Pedro ","formattedAddress":"777 S Centre St, San Pedro, CA 90731, USA","lat":33.7372675,"lng":-118.2837083,"zipcode":"90731","neighborhood":"San Pedro"},{"location":"Little Fish Theatre","address":"777 S. Centre St. San Pedro ","formattedAddress":"777 S Centre St, San Pedro, CA 90731, USA","lat":33.7372675,"lng":-118.2837083,"zipcode":"90731","neighborhood":"San Pedro"},{"location":"Miles Memorial Playhouse","address":"1130 Lincoln Blvd. Santa Monica ","formattedAddress":"1130 Lincoln Blvd, Santa Monica, CA 90403, USA","lat":34.0226618,"lng":-118.4956828,"zipcode":"90403","neighborhood":"Wilshire Montana"},{"location":"Director's Guild of America","address":"7920 Sunset Blvd. Los Angeles ","formattedAddress":"7920 Sunset Blvd, Los Angeles, CA 90046, USA","lat":34.0975387,"lng":-118.362589,"zipcode":"90046","neighborhood":"Central LA"},{"location":"Mountain Meadows Golf Course","address":"1875 Fairplex Drive, Pomona, CA Pomona ","formattedAddress":"1875 Fairplex Dr, Pomona, CA 91768, USA","lat":34.0825186,"lng":-117.7744782,"zipcode":"91768","neighborhood":"Bonita"},{"location":"SugarMynt Gallery","address":"810 Meridian Ave. South Pasadena, CA South Pasadena ","formattedAddress":"810 Meridian Ave, South Pasadena, CA 91030, USA","lat":34.1162721,"lng":-118.1571171,"zipcode":"91030"},{"location":"The Second Stage at Sacred Fools Theatre","address":"6320 Santa Monica Blvd., Hollywood, CA Hollywood ","formattedAddress":"6320 Santa Monica Blvd, Los Angeles, CA 90038, USA","lat":34.0905418,"lng":-118.3276065,"zipcode":"90038","neighborhood":"Hollywood"},{"location":"SKYLIGHT THEATRE","address":"1816 1/2 N Vermont Ave. Los Angeles ","formattedAddress":"1816 1/2 N Vermont Ave, Los Angeles, CA 90027, USA","lat":34.1040603,"lng":-118.2915836,"zipcode":"90027","neighborhood":"Central LA"},{"location":"we live in space","address":"2520 W Jefferson Blvd Jefferson ","formattedAddress":"2520 W Jefferson Blvd, Los Angeles, CA 90018, USA","lat":34.0254836,"lng":-118.3232017,"zipcode":"90018","neighborhood":"South Los Angeles"},{"location":"Frederick R. Weisman Museum of Art at Pepperdine University","address":"24255 Pacific Coast Highway Malibu ","formattedAddress":"24255 Pacific Coast Hwy, Malibu, CA 90265, USA","lat":34.0347766,"lng":-118.7034357,"zipcode":"90265"},{"location":"Rubicon Theatre Company","address":"1006 E. Main Street Ventura ","formattedAddress":"1006 E Main St, Ventura, CA 93001, USA","lat":34.2805973,"lng":-119.2852082,"zipcode":"93001"},{"location":"Little Fish Theatre","address":"777 S. Centre St. San Pedro ","formattedAddress":"777 S Centre St, San Pedro, CA 90731, USA","lat":33.7372675,"lng":-118.2837083,"zipcode":"90731","neighborhood":"San Pedro"},{"location":"Little Fish Theatre","address":"777 S. Centre St. San Pedro ","formattedAddress":"777 S Centre St, San Pedro, CA 90731, USA","lat":33.7372675,"lng":-118.2837083,"zipcode":"90731","neighborhood":"San Pedro"},{"location":"Miles Memorial Playhouse","address":"1130 Lincoln Blvd. Santa Monica ","formattedAddress":"1130 Lincoln Blvd, Santa Monica, CA 90403, USA","lat":34.0226618,"lng":-118.4956828,"zipcode":"90403","neighborhood":"Wilshire Montana"},{"location":"Director's Guild of America","address":"7920 Sunset Blvd. Los Angeles ","formattedAddress":"7920 Sunset Blvd, Los Angeles, CA 90046, USA","lat":34.0975387,"lng":-118.362589,"zipcode":"90046","neighborhood":"Central LA"},{"location":"Mountain Meadows Golf Course","address":"1875 Fairplex Drive, Pomona, CA Pomona ","formattedAddress":"1875 Fairplex Dr, Pomona, CA 91768, USA","lat":34.0825186,"lng":-117.7744782,"zipcode":"91768","neighborhood":"Bonita"},{"location":"Bovard Auditorium (ADM)","address":"3551 Trousdale Parkway Los Angeles ","formattedAddress":"3551 Trousdale Pkwy, Los Angeles, CA 90089, USA","lat":34.0209141,"lng":-118.2855371,"zipcode":"90089","neighborhood":"South Los Angeles"},{"location":"GRAMMY Museum","address":"A245, 800 West Olympic Boulevard Los Angeles CA","formattedAddress":"800 W Olympic Blvd, Los Angeles, CA 90015, USA","lat":34.0449376,"lng":-118.2654979,"zipcode":"90015","neighborhood":"Downtown"},{"location":"SugarMynt Gallery","address":"810 Meridian Ave. South Pasadena, CA South Pasadena ","formattedAddress":"810 Meridian Ave, South Pasadena, CA 91030, USA","lat":34.1162721,"lng":-118.1571171,"zipcode":"91030"},{"location":"The Second Stage at Sacred Fools Theatre","address":"6320 Santa Monica Blvd., Hollywood, CA Hollywood ","formattedAddress":"6320 Santa Monica Blvd, Los Angeles, CA 90038, USA","lat":34.0905418,"lng":-118.3276065,"zipcode":"90038","neighborhood":"Hollywood"},{"location":"SKYLIGHT THEATRE","address":"1816 1/2 N Vermont Ave. Los Angeles ","formattedAddress":"1816 1/2 N Vermont Ave, Los Angeles, CA 90027, USA","lat":34.1040603,"lng":-118.2915836,"zipcode":"90027","neighborhood":"Central LA"},{"location":"we live in space","address":"2520 W Jefferson Blvd Jefferson ","formattedAddress":"2520 W Jefferson Blvd, Los Angeles, CA 90018, USA","lat":34.0254836,"lng":-118.3232017,"zipcode":"90018","neighborhood":"South Los Angeles"},{"location":"Frederick R. Weisman Museum of Art at Pepperdine University","address":"24255 Pacific Coast Highway Malibu ","formattedAddress":"24255 Pacific Coast Hwy, Malibu, CA 90265, USA","lat":34.0347766,"lng":-118.7034357,"zipcode":"90265"},{"location":"Rubicon Theatre Company","address":"1006 E. Main Street Ventura ","formattedAddress":"1006 E Main St, Ventura, CA 93001, USA","lat":34.2805973,"lng":-119.2852082,"zipcode":"93001"},{"location":"Little Fish Theatre","address":"777 S. Centre St. San Pedro ","formattedAddress":"777 S Centre St, San Pedro, CA 90731, USA","lat":33.7372675,"lng":-118.2837083,"zipcode":"90731","neighborhood":"San Pedro"},{"location":"Little Fish Theatre","address":"777 S. Centre St. San Pedro ","formattedAddress":"777 S Centre St, San Pedro, CA 90731, USA","lat":33.7372675,"lng":-118.2837083,"zipcode":"90731","neighborhood":"San Pedro"},{"location":"Miles Memorial Playhouse","address":"1130 Lincoln Blvd. Santa Monica ","formattedAddress":"1130 Lincoln Blvd, Santa Monica, CA 90403, USA","lat":34.0226618,"lng":-118.4956828,"zipcode":"90403","neighborhood":"Wilshire Montana"},{"location":"Director's Guild of America","address":"7920 Sunset Blvd. Los Angeles ","formattedAddress":"7920 Sunset Blvd, Los Angeles, CA 90046, USA","lat":34.0975387,"lng":-118.362589,"zipcode":"90046","neighborhood":"Central LA"},{"location":"Mountain Meadows Golf Course","address":"1875 Fairplex Drive, Pomona, CA Pomona ","formattedAddress":"1875 Fairplex Dr, Pomona, CA 91768, USA","lat":34.0825186,"lng":-117.7744782,"zipcode":"91768","neighborhood":"Bonita"},{"location":"Ray Stark Family Theatre (SCA), School of Cinematic Arts 108","address":"900 West 34th Street Los Angeles ","formattedAddress":"900 W 34th St, Los Angeles, CA 90007, USA","lat":34.0235516,"lng":-118.2861891,"zipcode":"90007","neighborhood":"South Los Angeles"},{"location":"Clifford M. Brakensiek Library","address":"9945 E. Flower St. Bellflower, CA  Bellflower ","formattedAddress":"9945 Flower St, Bellflower, CA 90706, USA","lat":33.8820948,"lng":-118.1215012,"zipcode":"90706"},{"location":"Ca'Del Sole","address":"4100 Cahuenga Blvd. Toluca Lake, CA North Hollywood ","formattedAddress":"4100 Cahuenga Blvd, Toluca Lake, CA 91602, USA","lat":34.144056,"lng":-118.361083,"zipcode":"91602","neighborhood":"Toluca Lake"},{"location":"West Hollywood Library, City Council Chamber","address":"625 N San Vicente Blvd West Hollywood ","formattedAddress":"625 N San Vicente Blvd, West Hollywood, CA 90069, USA","lat":34.0818442,"lng":-118.3841131,"zipcode":"90069","neighborhood":"Central LA"},{"location":"Seven Bar & Lounge","address":"555 W. 7th St. Los Angeles ","formattedAddress":"555 W 7th St, Los Angeles, CA 90017, USA","lat":34.0473428,"lng":-118.25631,"zipcode":"90017","neighborhood":"Central LA"},{"location":"New Roads School","address":"3131 Olympic Blvd., Santa Monica  ","formattedAddress":"3131 Olympic Blvd, Santa Monica, CA 90404, USA","lat":34.0312851,"lng":-118.4612321,"zipcode":"90404"},{"location":"Resident DTLA","address":"428 S. Hewitt St. Los Angeles CA","formattedAddress":"428 S Hewitt St, Los Angeles, CA 90013, USA","lat":34.042668,"lng":-118.234922,"zipcode":"90013","neighborhood":"Central LA"},{"location":"SugarMynt Gallery","address":"810 Meridian Ave. South Pasadena, CA South Pasadena ","formattedAddress":"810 Meridian Ave, South Pasadena, CA 91030, USA","lat":34.1162721,"lng":-118.1571171,"zipcode":"91030"},{"location":"The Second Stage at Sacred Fools Theatre","address":"6320 Santa Monica Blvd., Hollywood, CA Hollywood ","formattedAddress":"6320 Santa Monica Blvd, Los Angeles, CA 90038, USA","lat":34.0905418,"lng":-118.3276065,"zipcode":"90038","neighborhood":"Hollywood"},{"location":"SKYLIGHT THEATRE","address":"1816 1/2 N Vermont Ave. Los Angeles ","formattedAddress":"1816 1/2 N Vermont Ave, Los Angeles, CA 90027, USA","lat":34.1040603,"lng":-118.2915836,"zipcode":"90027","neighborhood":"Central LA"},{"location":"we live in space","address":"2520 W Jefferson Blvd Jefferson ","formattedAddress":"2520 W Jefferson Blvd, Los Angeles, CA 90018, USA","lat":34.0254836,"lng":-118.3232017,"zipcode":"90018","neighborhood":"South Los Angeles"},{"location":"Frederick R. Weisman Museum of Art at Pepperdine University","address":"24255 Pacific Coast Highway Malibu ","formattedAddress":"24255 Pacific Coast Hwy, Malibu, CA 90265, USA","lat":34.0347766,"lng":-118.7034357,"zipcode":"90265"},{"location":"Rubicon Theatre Company","address":"1006 E. Main Street Ventura ","formattedAddress":"1006 E Main St, Ventura, CA 93001, USA","lat":34.2805973,"lng":-119.2852082,"zipcode":"93001"},{"location":"Little Fish Theatre","address":"777 S. Centre St. San Pedro ","formattedAddress":"777 S Centre St, San Pedro, CA 90731, USA","lat":33.7372675,"lng":-118.2837083,"zipcode":"90731","neighborhood":"San Pedro"},{"location":"Little Fish Theatre","address":"777 S. Centre St. San Pedro ","formattedAddress":"777 S Centre St, San Pedro, CA 90731, USA","lat":33.7372675,"lng":-118.2837083,"zipcode":"90731","neighborhood":"San Pedro"},{"location":"Miles Memorial Playhouse","address":"1130 Lincoln Blvd. Santa Monica ","formattedAddress":"1130 Lincoln Blvd, Santa Monica, CA 90403, USA","lat":34.0226618,"lng":-118.4956828,"zipcode":"90403","neighborhood":"Wilshire Montana"},{"location":"Director's Guild of America","address":"7920 Sunset Blvd. Los Angeles ","formattedAddress":"7920 Sunset Blvd, Los Angeles, CA 90046, USA","lat":34.0975387,"lng":-118.362589,"zipcode":"90046","neighborhood":"Central LA"},{"location":"Mountain Meadows Golf Course","address":"1875 Fairplex Drive, Pomona, CA Pomona ","formattedAddress":"1875 Fairplex Dr, Pomona, CA 91768, USA","lat":34.0825186,"lng":-117.7744782,"zipcode":"91768","neighborhood":"Bonita"},{"location":"Seven Bar & Lounge","address":"555 W. 7th St. Los Angeles ","formattedAddress":"555 W 7th St, Los Angeles, CA 90017, USA","lat":34.0473428,"lng":-118.25631,"zipcode":"90017","neighborhood":"Central LA"},{"location":"Shrine Expo Hall","address":"665 W Jefferson Blvd. Los Angeles CA","formattedAddress":"665 W Jefferson Blvd, Los Angeles, CA 90007, USA","lat":34.0236612,"lng":-118.2812202,"zipcode":"90007","neighborhood":"South Los Angeles"},{"location":"JLM Flagship Salon","address":"352 N. Robertson Blvd.  ","formattedAddress":"352 N Robertson Blvd, West Hollywood, CA 90048, USA","lat":34.078206,"lng":-118.383668,"zipcode":"90048","neighborhood":"Central LA"},{"location":"Greek Theatre","address":"2700 N. Vermont Ave Los Angeles CA","formattedAddress":"2700 N Vermont Ave, Los Angeles, CA 90027, USA","lat":34.1205588,"lng":-118.2963915,"zipcode":"90027"},{"location":"Bloomingdale's Santa Monica","address":"315 Colorado Avenue Santa Monica CA 0","formattedAddress":"315 Colorado Ave, Santa Monica, CA 90401, USA","lat":34.0138217,"lng":-118.4928608,"zipcode":"90401","neighborhood":"Downtown"},{"location":"Annenberg Space for Photography","address":"2000 Avenue of the Stars Century City ","formattedAddress":"2000 Avenue of the Stars, Los Angeles, CA 90067, USA","lat":34.0583595,"lng":-118.4148332,"zipcode":"90067","neighborhood":"Century City"},{"location":"Aratani Japan America Theater","address":"244 S. San Pedro St. Los Angeles, CA ","formattedAddress":"244 S San Pedro St, Los Angeles, CA 90012, USA","lat":34.04778,"lng":-118.2418045,"zipcode":"90012","neighborhood":"Central LA"},{"location":"Egyptian Theatre","address":"6712 Hollywood Blvd., Hollywood, CA Hollywood ","formattedAddress":"6712 Hollywood Blvd, Los Angeles, CA 90028, USA","lat":34.1013684,"lng":-118.3366935,"zipcode":"90028","neighborhood":"Hollywood"},{"location":"Alex Theatre in Glendale","address":"216 N. Brand Blvd Glendale CA ","formattedAddress":"216 N Brand Blvd, Glendale, CA 91203, USA","lat":34.1488644,"lng":-118.2548412,"zipcode":"91203","neighborhood":"Downtown"},{"location":"Boston Court Performing Arts Center","address":"70 N Mentor Ave Pasadena ","formattedAddress":"70 N Mentor Ave, Pasadena, CA 91106, USA","lat":34.1470269,"lng":-118.1305675,"zipcode":"91106"},{"location":"Little Fish Theatre","address":"777 S. Centre St. San Pedro ","formattedAddress":"777 S Centre St, San Pedro, CA 90731, USA","lat":33.7372675,"lng":-118.2837083,"zipcode":"90731","neighborhood":"San Pedro"},{"location":"Beverly O'Neill Theater - Long Beach Conv and Entertainment Ctr","address":"300 E Ocean BL Long Beach CA","formattedAddress":"300 E Ocean Blvd, Long Beach, CA 90802, USA","lat":33.76520350000001,"lng":-118.1893341,"zipcode":"90802","neighborhood":"Waterfront"},{"location":"American Contemporary Ballet","address":"700 S. Flower St., Suite 3200, Los Angeles, CA Downtown ","formattedAddress":"700 S Flower St #3200, Los Angeles, CA 90017, USA","lat":34.0482805,"lng":-118.2589431,"zipcode":"90017","neighborhood":"Downtown"},{"location":"Shrine Expo Hall","address":"665 W Jefferson Blvd. Los Angeles CA","formattedAddress":"665 W Jefferson Blvd, Los Angeles, CA 90007, USA","lat":34.0236612,"lng":-118.2812202,"zipcode":"90007","neighborhood":"South Los Angeles"},{"location":"Resident DTLA","address":"428 S Hewitt St Little Tokyo ","formattedAddress":"428 S Hewitt St, Los Angeles, CA 90013, USA","lat":34.042668,"lng":-118.234922,"zipcode":"90013","neighborhood":"Central LA"},{"location":"SugarMynt Gallery","address":"810 Meridian Ave. South Pasadena, CA South Pasadena ","formattedAddress":"810 Meridian Ave, South Pasadena, CA 91030, USA","lat":34.1162721,"lng":-118.1571171,"zipcode":"91030"},{"location":"The Second Stage at Sacred Fools Theatre","address":"6320 Santa Monica Blvd., Hollywood, CA Hollywood ","formattedAddress":"6320 Santa Monica Blvd, Los Angeles, CA 90038, USA","lat":34.0905418,"lng":-118.3276065,"zipcode":"90038","neighborhood":"Hollywood"},{"location":"SKYLIGHT THEATRE","address":"1816 1/2 N Vermont Ave. Los Angeles ","formattedAddress":"1816 1/2 N Vermont Ave, Los Angeles, CA 90027, USA","lat":34.1040603,"lng":-118.2915836,"zipcode":"90027","neighborhood":"Central LA"},{"location":"we live in space","address":"2520 W Jefferson Blvd Jefferson ","formattedAddress":"2520 W Jefferson Blvd, Los Angeles, CA 90018, USA","lat":34.0254836,"lng":-118.3232017,"zipcode":"90018","neighborhood":"South Los Angeles"},{"location":"Frederick R. Weisman Museum of Art at Pepperdine University","address":"24255 Pacific Coast Highway Malibu ","formattedAddress":"24255 Pacific Coast Hwy, Malibu, CA 90265, USA","lat":34.0347766,"lng":-118.7034357,"zipcode":"90265"},{"location":"Rubicon Theatre Company","address":"1006 E. Main Street Ventura ","formattedAddress":"1006 E Main St, Ventura, CA 93001, USA","lat":34.2805973,"lng":-119.2852082,"zipcode":"93001"},{"location":"Little Fish Theatre","address":"777 S. Centre St. San Pedro ","formattedAddress":"777 S Centre St, San Pedro, CA 90731, USA","lat":33.7372675,"lng":-118.2837083,"zipcode":"90731","neighborhood":"San Pedro"},{"location":"Little Fish Theatre","address":"777 S. Centre St. San Pedro ","formattedAddress":"777 S Centre St, San Pedro, CA 90731, USA","lat":33.7372675,"lng":-118.2837083,"zipcode":"90731","neighborhood":"San Pedro"},{"location":"Miles Memorial Playhouse","address":"1130 Lincoln Blvd. Santa Monica ","formattedAddress":"1130 Lincoln Blvd, Santa Monica, CA 90403, USA","lat":34.0226618,"lng":-118.4956828,"zipcode":"90403","neighborhood":"Wilshire Montana"},{"location":"Director's Guild of America","address":"7920 Sunset Blvd. Los Angeles ","formattedAddress":"7920 Sunset Blvd, Los Angeles, CA 90046, USA","lat":34.0975387,"lng":-118.362589,"zipcode":"90046","neighborhood":"Central LA"},{"location":"Mountain Meadows Golf Course","address":"1875 Fairplex Drive, Pomona, CA Pomona ","formattedAddress":"1875 Fairplex Dr, Pomona, CA 91768, USA","lat":34.0825186,"lng":-117.7744782,"zipcode":"91768","neighborhood":"Bonita"},{"location":"Aratani Japan America Theater","address":"244 S. San Pedro St. Los Angeles, CA ","formattedAddress":"244 S San Pedro St, Los Angeles, CA 90012, USA","lat":34.04778,"lng":-118.2418045,"zipcode":"90012","neighborhood":"Central LA"},{"location":"Little Fish Theatre","address":"777 S. Centre St. San Pedro ","formattedAddress":"777 S Centre St, San Pedro, CA 90731, USA","lat":33.7372675,"lng":-118.2837083,"zipcode":"90731","neighborhood":"San Pedro"},{"location":"Boston Court Performing Arts Center","address":"70 N Mentor Ave Pasadena ","formattedAddress":"70 N Mentor Ave, Pasadena, CA 91106, USA","lat":34.1470269,"lng":-118.1305675,"zipcode":"91106"},{"location":"Resident DTLA","address":"428 S Hewitt St Little Tokyo ","formattedAddress":"428 S Hewitt St, Los Angeles, CA 90013, USA","lat":34.042668,"lng":-118.234922,"zipcode":"90013","neighborhood":"Central LA"},{"location":"School of Cinematic Arts - SCA (SCA), Meldman Park","address":"900 West 34th Street Los Angeles ","formattedAddress":"900 W 34th St, Los Angeles, CA 90007, USA","lat":34.0235516,"lng":-118.2861891,"zipcode":"90007","neighborhood":"South Los Angeles"},{"location":"Shrine Expo Hall","address":"665 W Jefferson Blvd. Los Angeles CA","formattedAddress":"665 W Jefferson Blvd, Los Angeles, CA 90007, USA","lat":34.0236612,"lng":-118.2812202,"zipcode":"90007","neighborhood":"South Los Angeles"},{"location":"American Contemporary Ballet","address":"700 S. Flower St., Suite 3200, Los Angeles, CA Downtown ","formattedAddress":"700 S Flower St #3200, Los Angeles, CA 90017, USA","lat":34.0482805,"lng":-118.2589431,"zipcode":"90017","neighborhood":"Downtown"},{"location":"Beverly O'Neill Theater - Long Beach Conv and Entertainment Ctr","address":"300 E Ocean BL Long Beach CA","formattedAddress":"300 E Ocean Blvd, Long Beach, CA 90802, USA","lat":33.76520350000001,"lng":-118.1893341,"zipcode":"90802","neighborhood":"Waterfront"},{"location":"Highways Performance Space","address":"1651 18th St. Santa Monica ","formattedAddress":"1651 18th St, Santa Monica, CA 90404, USA","lat":34.0236722,"lng":-118.4772538,"zipcode":"90404"},{"location":"SugarMynt Gallery","address":"810 Meridian Ave. South Pasadena, CA South Pasadena ","formattedAddress":"810 Meridian Ave, South Pasadena, CA 91030, USA","lat":34.1162721,"lng":-118.1571171,"zipcode":"91030"},{"location":"The Second Stage at Sacred Fools Theatre","address":"6320 Santa Monica Blvd., Hollywood, CA Hollywood ","formattedAddress":"6320 Santa Monica Blvd, Los Angeles, CA 90038, USA","lat":34.0905418,"lng":-118.3276065,"zipcode":"90038","neighborhood":"Hollywood"},{"location":"SKYLIGHT THEATRE","address":"1816 1/2 N Vermont Ave. Los Angeles ","formattedAddress":"1816 1/2 N Vermont Ave, Los Angeles, CA 90027, USA","lat":34.1040603,"lng":-118.2915836,"zipcode":"90027","neighborhood":"Central LA"},{"location":"we live in space","address":"2520 W Jefferson Blvd Jefferson ","formattedAddress":"2520 W Jefferson Blvd, Los Angeles, CA 90018, USA","lat":34.0254836,"lng":-118.3232017,"zipcode":"90018","neighborhood":"South Los Angeles"},{"location":"Frederick R. Weisman Museum of Art at Pepperdine University","address":"24255 Pacific Coast Highway Malibu ","formattedAddress":"24255 Pacific Coast Hwy, Malibu, CA 90265, USA","lat":34.0347766,"lng":-118.7034357,"zipcode":"90265"},{"location":"Rubicon Theatre Company","address":"1006 E. Main Street Ventura ","formattedAddress":"1006 E Main St, Ventura, CA 93001, USA","lat":34.2805973,"lng":-119.2852082,"zipcode":"93001"},{"location":"Little Fish Theatre","address":"777 S. Centre St. San Pedro ","formattedAddress":"777 S Centre St, San Pedro, CA 90731, USA","lat":33.7372675,"lng":-118.2837083,"zipcode":"90731","neighborhood":"San Pedro"},{"location":"Little Fish Theatre","address":"777 S. Centre St. San Pedro ","formattedAddress":"777 S Centre St, San Pedro, CA 90731, USA","lat":33.7372675,"lng":-118.2837083,"zipcode":"90731","neighborhood":"San Pedro"},{"location":"Miles Memorial Playhouse","address":"1130 Lincoln Blvd. Santa Monica ","formattedAddress":"1130 Lincoln Blvd, Santa Monica, CA 90403, USA","lat":34.0226618,"lng":-118.4956828,"zipcode":"90403","neighborhood":"Wilshire Montana"},{"location":"Director's Guild of America","address":"7920 Sunset Blvd. Los Angeles ","formattedAddress":"7920 Sunset Blvd, Los Angeles, CA 90046, USA","lat":34.0975387,"lng":-118.362589,"zipcode":"90046","neighborhood":"Central LA"},{"location":"Aratani Japan America Theater","address":"244 S. San Pedro St. Los Angeles, CA ","formattedAddress":"244 S San Pedro St, Los Angeles, CA 90012, USA","lat":34.04778,"lng":-118.2418045,"zipcode":"90012","neighborhood":"Central LA"},{"location":"Boston Court Performing Arts Center","address":"70 N Mentor Ave Pasadena ","formattedAddress":"70 N Mentor Ave, Pasadena, CA 91106, USA","lat":34.1470269,"lng":-118.1305675,"zipcode":"91106"},{"location":"Little Fish Theatre","address":"777 S. Centre St. San Pedro ","formattedAddress":"777 S Centre St, San Pedro, CA 90731, USA","lat":33.7372675,"lng":-118.2837083,"zipcode":"90731","neighborhood":"San Pedro"},{"location":"Santa Monica Pier","address":"200 Santa Monica Pier Santa Monica ","formattedAddress":"200 Santa Monica Pier, Santa Monica, CA 90401, USA","lat":34.0098476,"lng":-118.4964629,"zipcode":"90401"},{"location":"Crescenta Valley Park","address":"3901 Dunsmore Ave. La Crescenta ","formattedAddress":"3901 Dunsmore Ave, Glendale, CA 91214, USA","lat":34.225466,"lng":-118.257715,"zipcode":"91214","neighborhood":"Crescenta Highlands"},{"location":"Central Park Pasadena","address":"275 S Raymond Ave Pasadena ","formattedAddress":"275 S Raymond Ave, Pasadena, CA 91105, USA","lat":34.1411704,"lng":-118.1489425,"zipcode":"91105"},{"location":"Annenberg Space for Photography","address":"2000 Avenue of the Stars Century City ","formattedAddress":"2000 Avenue of the Stars, Los Angeles, CA 90067, USA","lat":34.0583595,"lng":-118.4148332,"zipcode":"90067","neighborhood":"Century City"},{"location":"Begins at intersection of Florence and Normandie, Los Angeles, CA","address":"W Florence Ave &amp; S Normandie Ave Westmont ","formattedAddress":"W Florence Ave & Normandie Ave, Los Angeles, CA 90047, USA","lat":33.9745847,"lng":-118.3003107,"zipcode":"90047","neighborhood":"South Los Angeles"},{"location":"Terrace Theater","address":"300 E Ocean BL Long Beach CA","formattedAddress":"300 E Ocean Blvd, Long Beach, CA 90802, USA","lat":33.76520350000001,"lng":-118.1893341,"zipcode":"90802","neighborhood":"Waterfront"},{"location":"Lloyd Taber - Marina del Rey Library","address":"4533 Admiralty Way Marina del Rey, CA  Marina del Rey ","formattedAddress":"4533 Admiralty Way, Marina Del Rey, CA 90292, USA","lat":33.982834,"lng":-118.4431225,"zipcode":"90292"},{"location":"18th Street Arts Center","address":"1639 18th Street Santa Monica ","formattedAddress":"1639 18th St, Santa Monica, CA 90404, USA","lat":34.023855,"lng":-118.4777478,"zipcode":"90404"},{"location":"Long Beach Performing Arts Center","address":"300 E. Ocean Blvd. Long Beach ","formattedAddress":"300 E Ocean Blvd, Long Beach, CA 90802, USA","lat":33.76520350000001,"lng":-118.1893341,"zipcode":"90802","neighborhood":"Waterfront"},{"location":"Shrine Expo Hall","address":"665 W Jefferson Blvd. Los Angeles CA","formattedAddress":"665 W Jefferson Blvd, Los Angeles, CA 90007, USA","lat":34.0236612,"lng":-118.2812202,"zipcode":"90007","neighborhood":"South Los Angeles"},{"location":"The Ambassador Auditorium","address":"131 South Saint John Avenue Pasadena ","formattedAddress":"131 S St John Ave, Pasadena, CA 91123, USA","lat":34.1433765,"lng":-118.1565116,"zipcode":"91123","neighborhood":"Northeast Los Angeles"},{"location":"Allendale Branch Library","address":"1130 S. Marengo Ave., Pasadena  ","formattedAddress":"1130 S Marengo Ave, Pasadena, CA 91106, USA","lat":34.1261909,"lng":-118.1452106,"zipcode":"91106"},{"location":"Irwindale Speedway","address":"500 Speedway Drive Irwindale ","formattedAddress":"500 Speedway Dr, Irwindale, CA 91706, USA","lat":34.1094595,"lng":-117.9879513,"zipcode":"91706","neighborhood":"El Monte City"},{"location":"Lewis Family Playhouse at Victoria Gardens Cultural Center","address":"12505 Cultural Center Drive Rancho Cucamonga ","formattedAddress":"12505 Cultural Center Dr, Rancho Cucamonga, CA 91739, USA","lat":34.112922,"lng":-117.532576,"zipcode":"91739"},{"location":"Santa Monica Pier","address":"200 Santa Monica Pier Santa Monica ","formattedAddress":"200 Santa Monica Pier, Santa Monica, CA 90401, USA","lat":34.0098476,"lng":-118.4964629,"zipcode":"90401"},{"location":"American Contemporary Ballet","address":"700 S. Flower St., Suite 3200, Los Angeles, CA Downtown ","formattedAddress":"700 S Flower St #3200, Los Angeles, CA 90017, USA","lat":34.0482805,"lng":-118.2589431,"zipcode":"90017","neighborhood":"Downtown"},{"location":"American Contemporary Ballet","address":"700 S. Flower St., Suite 3200, Los Angeles, CA Downtown ","formattedAddress":"700 S Flower St #3200, Los Angeles, CA 90017, USA","lat":34.0482805,"lng":-118.2589431,"zipcode":"90017","neighborhood":"Downtown"},{"location":"First United Methodist Church of Santa Monica","address":"1008 11th Street California CA","formattedAddress":"1008 11th St, Santa Monica, CA 90403, USA","lat":34.0265761,"lng":-118.4948044,"zipcode":"90403","neighborhood":"Wilshire Montana"},{"location":"San Gabriel Mission Playhouse","address":"320 South Mission Drive San Gabriel CA","formattedAddress":"320 S Mission Dr, San Gabriel, CA 91776, USA","lat":34.0984171,"lng":-118.1082667,"zipcode":"91776"},{"location":"Beverly O'Neill Theater - Long Beach Conv and Entertainment Ctr","address":"300 E Ocean BL Long Beach CA","formattedAddress":"300 E Ocean Blvd, Long Beach, CA 90802, USA","lat":33.76520350000001,"lng":-118.1893341,"zipcode":"90802","neighborhood":"Waterfront"},{"location":"American Contemporary Ballet","address":"700 S. Flower St., Suite 3200, Los Angeles, CA Downtown ","formattedAddress":"700 S Flower St #3200, Los Angeles, CA 90017, USA","lat":34.0482805,"lng":-118.2589431,"zipcode":"90017","neighborhood":"Downtown"},{"location":"Terrace Theater","address":"300 E. Ocean Blvd. Long Beach ","formattedAddress":"300 E Ocean Blvd, Long Beach, CA 90802, USA","lat":33.76520350000001,"lng":-118.1893341,"zipcode":"90802","neighborhood":"Waterfront"},{"location":"St. Augustine by-the-Sea","address":"1227 Fourth Street, Santa Monica  ","formattedAddress":"1227 4th St, Santa Monica, CA 90401, USA","lat":34.0188991,"lng":-118.4973994,"zipcode":"90401","neighborhood":"Downtown"},{"location":"Luckman Fine Arts Complex","address":"5151 State University Drive Los Angeles CA","formattedAddress":"5151 State University Dr, Los Angeles, CA 90032, USA","lat":34.0615308,"lng":-118.1733051,"zipcode":"90032"},{"location":"Wilshire Ebell Theatre","address":"4401 W 8th St. Los Angeles ","formattedAddress":"4401 W 8th St, Los Angeles, CA 90005, USA","lat":34.0609082,"lng":-118.3250733,"zipcode":"90005","neighborhood":"Central LA"},{"location":"Highways Performance Space","address":"1651 18th St. Santa Monica ","formattedAddress":"1651 18th St, Santa Monica, CA 90404, USA","lat":34.0236722,"lng":-118.4772538,"zipcode":"90404"},{"location":"The Woman's Club of South Pasadena","address":"1424 Fremont Avenue South Pasadena ","formattedAddress":"1424 Fremont Ave, South Pasadena, CA 91030, USA","lat":34.1090169,"lng":-118.1527753,"zipcode":"91030"},{"location":"SugarMynt Gallery","address":"810 Meridian Ave. South Pasadena, CA South Pasadena ","formattedAddress":"810 Meridian Ave, South Pasadena, CA 91030, USA","lat":34.1162721,"lng":-118.1571171,"zipcode":"91030"},{"location":"The Second Stage at Sacred Fools Theatre","address":"6320 Santa Monica Blvd., Hollywood, CA Hollywood ","formattedAddress":"6320 Santa Monica Blvd, Los Angeles, CA 90038, USA","lat":34.0905418,"lng":-118.3276065,"zipcode":"90038","neighborhood":"Hollywood"},{"location":"SKYLIGHT THEATRE","address":"1816 1/2 N Vermont Ave. Los Angeles ","formattedAddress":"1816 1/2 N Vermont Ave, Los Angeles, CA 90027, USA","lat":34.1040603,"lng":-118.2915836,"zipcode":"90027","neighborhood":"Central LA"},{"location":"we live in space","address":"2520 W Jefferson Blvd Jefferson ","formattedAddress":"2520 W Jefferson Blvd, Los Angeles, CA 90018, USA","lat":34.0254836,"lng":-118.3232017,"zipcode":"90018","neighborhood":"South Los Angeles"},{"location":"Rubicon Theatre Company","address":"1006 E. Main Street Ventura ","formattedAddress":"1006 E Main St, Ventura, CA 93001, USA","lat":34.2805973,"lng":-119.2852082,"zipcode":"93001"},{"location":"Little Fish Theatre","address":"777 S. Centre St. San Pedro ","formattedAddress":"777 S Centre St, San Pedro, CA 90731, USA","lat":33.7372675,"lng":-118.2837083,"zipcode":"90731","neighborhood":"San Pedro"},{"location":"Little Fish Theatre","address":"777 S. Centre St. San Pedro ","formattedAddress":"777 S Centre St, San Pedro, CA 90731, USA","lat":33.7372675,"lng":-118.2837083,"zipcode":"90731","neighborhood":"San Pedro"},{"location":"Miles Memorial Playhouse","address":"1130 Lincoln Blvd. Santa Monica ","formattedAddress":"1130 Lincoln Blvd, Santa Monica, CA 90403, USA","lat":34.0226618,"lng":-118.4956828,"zipcode":"90403","neighborhood":"Wilshire Montana"},{"location":"Director's Guild of America","address":"7920 Sunset Blvd. Los Angeles ","formattedAddress":"7920 Sunset Blvd, Los Angeles, CA 90046, USA","lat":34.0975387,"lng":-118.362589,"zipcode":"90046","neighborhood":"Central LA"},{"location":"Aratani Japan America Theater","address":"244 S. San Pedro St. Los Angeles, CA ","formattedAddress":"244 S San Pedro St, Los Angeles, CA 90012, USA","lat":34.04778,"lng":-118.2418045,"zipcode":"90012","neighborhood":"Central LA"},{"location":"Little Fish Theatre","address":"777 S. Centre St. San Pedro ","formattedAddress":"777 S Centre St, San Pedro, CA 90731, USA","lat":33.7372675,"lng":-118.2837083,"zipcode":"90731","neighborhood":"San Pedro"},{"location":"Boston Court Performing Arts Center","address":"70 N Mentor Ave Pasadena ","formattedAddress":"70 N Mentor Ave, Pasadena, CA 91106, USA","lat":34.1470269,"lng":-118.1305675,"zipcode":"91106"},{"location":"Central Park Pasadena","address":"275 S Raymond Ave Pasadena ","formattedAddress":"275 S Raymond Ave, Pasadena, CA 91105, USA","lat":34.1411704,"lng":-118.1489425,"zipcode":"91105"},{"location":"Lewis Family Playhouse at Victoria Gardens Cultural Center","address":"12505 Cultural Center Drive Rancho Cucamonga ","formattedAddress":"12505 Cultural Center Dr, Rancho Cucamonga, CA 91739, USA","lat":34.112922,"lng":-117.532576,"zipcode":"91739"},{"location":"Santa Monica Pier","address":"200 Santa Monica Pier Santa Monica ","formattedAddress":"200 Santa Monica Pier, Santa Monica, CA 90401, USA","lat":34.0098476,"lng":-118.4964629,"zipcode":"90401"},{"location":"The Woman's Club of South Pasadena","address":"1424 Fremont Avenue South Pasadena ","formattedAddress":"1424 Fremont Ave, South Pasadena, CA 91030, USA","lat":34.1090169,"lng":-118.1527753,"zipcode":"91030"},{"location":"Santa Monica Pier","address":"200 Santa Monica Pier Santa Monica ","formattedAddress":"200 Santa Monica Pier, Santa Monica, CA 90401, USA","lat":34.0098476,"lng":-118.4964629,"zipcode":"90401"},{"location":"The Grove (The Park)","address":"189 The Grove Dr Los Angeles ","formattedAddress":"189 The Grove Dr, Los Angeles, CA 90036, USA","lat":34.0719465,"lng":-118.3565836,"zipcode":"90036","neighborhood":"Central LA"},{"location":"MODERNICA FACTORY","address":"2901 Saco St. Los Angeles, CA ","formattedAddress":"2901 Saco St, Los Angeles, CA 90058, USA","lat":34.0113364,"lng":-118.2336669,"zipcode":"90058"},{"location":"Tarzana Community & Cultural Center Park","address":"19130 Ventura Blvd. Tarzana Tarzana ","formattedAddress":"Ventura Blvd, Los Angeles, CA, USA","lat":34.1588565,"lng":-118.4993944},{"location":"Tongva Park","address":"1615 Ocean Ave. Santa Monica ","formattedAddress":"1615 Ocean Ave, Santa Monica, CA 90401, USA","lat":34.0110163,"lng":-118.4944244,"zipcode":"90401"},{"location":"Angels Gate Cultural Center","address":"3601 S. Gaffey Street San Pedro, CA San Pedro ","formattedAddress":"3601 S Gaffey St, San Pedro, CA 90731, USA","lat":33.7114884,"lng":-118.2945385,"zipcode":"90731","neighborhood":"San Pedro"},{"location":"Studio 11","address":"4621 W. Washington Blvd. Los Angeles ","formattedAddress":"4621 W Washington Blvd, Los Angeles, CA 90016, USA","lat":34.0401669,"lng":-118.3406,"zipcode":"90016","neighborhood":"Central LA"},{"location":"Redondo Union High School Auditorium","address":"631 Vincent Street Redondo Beach ","formattedAddress":"631 Vincent St, Redondo Beach, CA 90277, USA","lat":33.844271,"lng":-118.3843706,"zipcode":"90277","neighborhood":"South Redondo"},{"location":"Central Library, Los Angeles Public Library","address":"630 W. 5th Street Los Angeles ","formattedAddress":"630 W 5th St, Los Angeles, CA 90071, USA","lat":34.0506708,"lng":-118.2551963,"zipcode":"90071","neighborhood":"Central LA"},{"location":"Beverly O'Neill Theater - Long Beach Conv and Entertainment Ctr","address":"300 E Ocean BL Long Beach CA","formattedAddress":"300 E Ocean Blvd, Long Beach, CA 90802, USA","lat":33.76520350000001,"lng":-118.1893341,"zipcode":"90802","neighborhood":"Waterfront"},{"location":"First United Methodist Church of Santa Monica","address":"1008 11th Street California CA","formattedAddress":"1008 11th St, Santa Monica, CA 90403, USA","lat":34.0265761,"lng":-118.4948044,"zipcode":"90403","neighborhood":"Wilshire Montana"},{"location":"Shrine Expo Hall","address":"665 W Jefferson Blvd. Los Angeles CA","formattedAddress":"665 W Jefferson Blvd, Los Angeles, CA 90007, USA","lat":34.0236612,"lng":-118.2812202,"zipcode":"90007","neighborhood":"South Los Angeles"},{"location":"American Contemporary Ballet","address":"700 S. Flower St., Suite 3200, Los Angeles, CA Downtown ","formattedAddress":"700 S Flower St #3200, Los Angeles, CA 90017, USA","lat":34.0482805,"lng":-118.2589431,"zipcode":"90017","neighborhood":"Downtown"},{"location":"American Contemporary Ballet","address":"700 S. Flower St., Suite 3200, Los Angeles, CA Downtown ","formattedAddress":"700 S Flower St #3200, Los Angeles, CA 90017, USA","lat":34.0482805,"lng":-118.2589431,"zipcode":"90017","neighborhood":"Downtown"},{"location":"Hollywood Roosevelt","address":"7000 Hollywood Boulevard Hollywood ","formattedAddress":"7000 Hollywood Blvd, Los Angeles, CA 90028, USA","lat":34.1012777,"lng":-118.3416128,"zipcode":"90028","neighborhood":"Hollywood"},{"location":"Santa Monica Playhouse - The Other Space","address":"1211 4th Street Santa Monica ","formattedAddress":"1211 4th St, Santa Monica, CA 90401, USA","lat":34.0189556,"lng":-118.4977074,"zipcode":"90401","neighborhood":"Downtown"},{"location":"Royce Hall on the UCLA Campus","address":"10745 Dickson Plaza Los Angeles CA 0","formattedAddress":"10745 Dickson Ct, Los Angeles, CA 90095, USA","lat":34.0728982,"lng":-118.4421664,"zipcode":"90095","neighborhood":"Westwood"},{"location":"Royce Hall on the UCLA Campus","address":"10745 Dickson Plaza Los Angeles CA 0","formattedAddress":"10745 Dickson Ct, Los Angeles, CA 90095, USA","lat":34.0728982,"lng":-118.4421664,"zipcode":"90095","neighborhood":"Westwood"},{"location":"Royce Hall on the UCLA Campus","address":"10745 Dickson Plaza Los Angeles CA 0","formattedAddress":"10745 Dickson Ct, Los Angeles, CA 90095, USA","lat":34.0728982,"lng":-118.4421664,"zipcode":"90095","neighborhood":"Westwood"},{"location":"Shrine Expo Hall","address":"665 W Jefferson Blvd. Los Angeles CA","formattedAddress":"665 W Jefferson Blvd, Los Angeles, CA 90007, USA","lat":34.0236612,"lng":-118.2812202,"zipcode":"90007","neighborhood":"South Los Angeles"},{"location":"The Escondite","address":"410 Boyd St Little Tokyo "}]